ID Файла,Врач,Аннотация
1,Врач1,0
1,Врач2,0
1,Врач3,0
1,Врач4,0
1,Врач5,0
1,Врач6,0
1,Врач7,1
1,Врач8,0
1,Врач9,0
1,Врач10,0
1,Врач11,1
1,Врач12,0
1,Врач13,0
1,Врач14,0
1,Врач15,0
2,Врач1,0
2,Врач2,0
2,Врач3,0
2,Врач4,0
2,Врач5,0
2,Врач6,0
2,Врач7,0
2,Врач8,0
2,Врач9,0
2,Врач10,0
2,Врач11,0
2,Врач12,0
2,Врач13,0
2,Врач14,0
2,Врач15,0
3,Врач1,0
3,Врач2,0
3,Врач3,0
3,Врач4,0
3,Врач5,1
3,Врач6,0
3,Врач7,0
3,Врач8,0
3,Врач9,0
3,Врач10,0
3,Врач11,0
3,Врач12,0
3,Врач13,0
3,Врач14,0
3,Врач15,0
4,Врач1,0
4,Врач2,0
4,Врач3,0
4,Врач4,0
4,Врач5,0
4,Врач6,0
4,Врач7,0
4,Врач8,0
4,Врач9,0
4,Врач10,0
4,Врач11,0
4,Врач12,0
4,Врач13,0
4,Врач14,0
4,Врач15,0
5,Врач1,0
5,Врач2,0
5,Врач3,0
5,Врач4,0
5,Врач5,0
5,Врач6,0
5,Врач7,1
5,Врач8,1
5,Врач9,0
5,Врач10,0
5,Врач11,0
5,Врач12,0
5,Врач13,0
5,Врач14,0
5,Врач15,1
6,Врач1,0
6,Врач2,1
6,Врач3,0
6,Врач4,0
6,Врач5,0
6,Врач6,0
6,Врач7,0
6,Врач8,0
6,Врач9,0
6,Врач10,0
6,Врач11,0
6,Врач12,0
6,Врач13,0
6,Врач14,0
6,Врач15,1
7,Врач1,0
7,Врач2,0
7,Врач3,0
7,Врач4,0
7,Врач5,0
7,Врач6,0
7,Врач7,0
7,Врач8,0
7,Врач9,0
7,Врач10,0
7,Врач11,0
7,Врач12,0
7,Врач13,0
7,Врач14,0
7,Врач15,0
8,Врач1,0
8,Врач2,0
8,Врач3,0
8,Врач4,0
8,Врач5,0
8,Врач6,0
8,Врач7,0
8,Врач8,1
8,Врач9,0
8,Врач10,0
8,Врач11,0
8,Врач12,0
8,Врач13,0
8,Врач14,0
8,Врач15,0
9,Врач1,0
9,Врач2,0
9,Врач3,0
9,Врач4,0
9,Врач5,0
9,Врач6,0
9,Врач7,0
9,Врач8,0
9,Врач9,0
9,Врач10,0
9,Врач11,0
9,Врач12,0
9,Врач13,0
9,Врач14,0
9,Врач15,0
10,Врач1,0
10,Врач2,0
10,Врач3,0
10,Врач4,0
10,Врач5,0
10,Врач6,0
10,Врач7,0
10,Врач8,0
10,Врач9,0
10,Врач10,0
10,Врач11,0
10,Врач12,0
10,Врач13,0
10,Врач14,0
10,Врач15,0
11,Врач1,1
11,Врач2,1
11,Врач3,1
11,Врач4,1
11,Врач5,0
11,Врач6,0
11,Врач7,0
11,Врач8,0
11,Врач9,1
11,Врач10,0
11,Врач11,1
11,Врач12,0
11,Врач13,0
11,Врач14,1
11,Врач15,1
12,Врач1,0
12,Врач2,0
12,Врач3,0
12,Врач4,0
12,Врач5,0
12,Врач6,0
12,Врач7,0
12,Врач8,0
12,Врач9,1
12,Врач10,0
12,Врач11,0
12,Врач12,0
12,Врач13,0
12,Врач14,0
12,Врач15,1
13,Врач1,0
13,Врач2,0
13,Врач3,0
13,Врач4,0
13,Врач5,0
13,Врач6,0
13,Врач7,0
13,Врач8,0
13,Врач9,0
13,Врач10,0
13,Врач11,0
13,Врач12,0
13,Врач13,0
13,Врач14,0
13,Врач15,0
14,Врач1,0
14,Врач2,0
14,Врач3,0
14,Врач4,0
14,Врач5,0
14,Врач6,0
14,Врач7,0
14,Врач8,0
14,Врач9,0
14,Врач10,0
14,Врач11,0
14,Врач12,0
14,Врач13,0
14,Врач14,0
14,Врач15,1
15,Врач1,0
15,Врач2,0
15,Врач3,0
15,Врач4,0
15,Врач5,0
15,Врач6,0
15,Врач7,0
15,Врач8,0
15,Врач9,0
15,Врач10,0
15,Врач11,0
15,Врач12,0
15,Врач13,0
15,Врач14,0
15,Врач15,0
16,Врач1,0
16,Врач2,0
16,Врач3,0
16,Врач4,0
16,Врач5,0
16,Врач6,0
16,Врач7,0
16,Врач8,0
16,Врач9,0
16,Врач10,0
16,Врач11,0
16,Врач12,0
16,Врач13,0
16,Врач14,0
16,Врач15,0
17,Врач1,0
17,Врач2,0
17,Врач3,0
17,Врач4,0
17,Врач5,0
17,Врач6,0
17,Врач7,0
17,Врач8,0
17,Врач9,0
17,Врач10,0
17,Врач11,0
17,Врач12,0
17,Врач13,0
17,Врач14,0
17,Врач15,0
18,Врач1,0
18,Врач2,1
18,Врач3,1
18,Врач4,1
18,Врач5,0
18,Врач6,1
18,Врач7,0
18,Врач8,0
18,Врач9,0
18,Врач10,0
18,Врач11,0
18,Врач12,0
18,Врач13,1
18,Врач14,1
18,Врач15,1
19,Врач1,0
19,Врач2,0
19,Врач3,0
19,Врач4,0
19,Врач5,0
19,Врач6,0
19,Врач7,0
19,Врач8,0
19,Врач9,0
19,Врач10,0
19,Врач11,0
19,Врач12,0
19,Врач13,0
19,Врач14,0
19,Врач15,0
20,Врач1,0
20,Врач2,0
20,Врач3,0
20,Врач4,0
20,Врач5,0
20,Врач6,0
20,Врач7,0
20,Врач8,0
20,Врач9,0
20,Врач10,0
20,Врач11,0
20,Врач12,0
20,Врач13,0
20,Врач14,0
20,Врач15,0
21,Врач1,0
21,Врач2,0
21,Врач3,0
21,Врач4,0
21,Врач5,0
21,Врач6,0
21,Врач7,0
21,Врач8,0
21,Врач9,0
21,Врач10,0
21,Врач11,0
21,Врач12,0
21,Врач13,0
21,Врач14,0
21,Врач15,0
22,Врач1,1
22,Врач2,1
22,Врач3,0
22,Врач4,0
22,Врач5,0
22,Врач6,1
22,Врач7,0
22,Врач8,0
22,Врач9,0
22,Врач10,1
22,Врач11,0
22,Врач12,0
22,Врач13,0
22,Врач14,0
22,Врач15,1
23,Врач1,0
23,Врач2,0
23,Врач3,0
23,Врач4,0
23,Врач5,0
23,Врач6,0
23,Врач7,0
23,Врач8,0
23,Врач9,0
23,Врач10,0
23,Врач11,0
23,Врач12,0
23,Врач13,0
23,Врач14,0
23,Врач15,0
24,Врач1,0
24,Врач2,0
24,Врач3,0
24,Врач4,0
24,Врач5,0
24,Врач6,0
24,Врач7,0
24,Врач8,0
24,Врач9,0
24,Врач10,0
24,Врач11,0
24,Врач12,0
24,Врач13,0
24,Врач14,0
24,Врач15,0
25,Врач1,0
25,Врач2,0
25,Врач3,0
25,Врач4,0
25,Врач5,0
25,Врач6,1
25,Врач7,0
25,Врач8,0
25,Врач9,0
25,Врач10,0
25,Врач11,0
25,Врач12,0
25,Врач13,0
25,Врач14,0
25,Врач15,1
26,Врач1,1
26,Врач2,1
26,Врач3,0
26,Врач4,0
26,Врач5,0
26,Врач6,1
26,Врач7,0
26,Врач8,0
26,Врач9,1
26,Врач10,1
26,Врач11,0
26,Врач12,1
26,Врач13,1
26,Врач14,0
26,Врач15,1
27,Врач1,0
27,Врач2,0
27,Врач3,0
27,Врач4,0
27,Врач5,0
27,Врач6,0
27,Врач7,0
27,Врач8,0
27,Врач9,0
27,Врач10,0
27,Врач11,0
27,Врач12,0
27,Врач13,0
27,Врач14,0
27,Врач15,0
28,Врач1,0
28,Врач2,0
28,Врач3,0
28,Врач4,0
28,Врач5,0
28,Врач6,1
28,Врач7,0
28,Врач8,0
28,Врач9,0
28,Врач10,0
28,Врач11,0
28,Врач12,0
28,Врач13,0
28,Врач14,0
28,Врач15,0
29,Врач1,1
29,Врач2,1
29,Врач3,1
29,Врач4,1
29,Врач5,1
29,Врач6,1
29,Врач7,0
29,Врач8,0
29,Врач9,1
29,Врач10,1
29,Врач11,0
29,Врач12,1
29,Врач13,1
29,Врач14,1
29,Врач15,1
30,Врач1,0
30,Врач2,0
30,Врач3,0
30,Врач4,0
30,Врач5,0
30,Врач6,0
30,Врач7,0
30,Врач8,0
30,Врач9,0
30,Врач10,0
30,Врач11,0
30,Врач12,0
30,Врач13,0
30,Врач14,0
30,Врач15,0
31,Врач1,0
31,Врач2,0
31,Врач3,0
31,Врач4,0
31,Врач5,0
31,Врач6,1
31,Врач7,0
31,Врач8,0
31,Врач9,0
31,Врач10,0
31,Врач11,0
31,Врач12,0
31,Врач13,0
31,Врач14,0
31,Врач15,1
32,Врач1,0
32,Врач2,0
32,Врач3,0
32,Врач4,0
32,Врач5,0
32,Врач6,0
32,Врач7,0
32,Врач8,0
32,Врач9,0
32,Врач10,0
32,Врач11,0
32,Врач12,0
32,Врач13,0
32,Врач14,0
32,Врач15,0
33,Врач1,0
33,Врач2,1
33,Врач3,0
33,Врач4,0
33,Врач5,0
33,Врач6,0
33,Врач7,0
33,Врач8,0
33,Врач9,0
33,Врач10,0
33,Врач11,0
33,Врач12,0
33,Врач13,0
33,Врач14,0
33,Врач15,0
34,Врач1,0
34,Врач2,1
34,Врач3,0
34,Врач4,0
34,Врач5,0
34,Врач6,0
34,Врач7,0
34,Врач8,0
34,Врач9,0
34,Врач10,0
34,Врач11,0
34,Врач12,0
34,Врач13,0
34,Врач14,0
34,Врач15,0
35,Врач1,0
35,Врач2,0
35,Врач3,0
35,Врач4,0
35,Врач5,0
35,Врач6,0
35,Врач7,0
35,Врач8,0
35,Врач9,0
35,Врач10,0
35,Врач11,0
35,Врач12,0
35,Врач13,0
35,Врач14,0
35,Врач15,0
36,Врач1,0
36,Врач2,0
36,Врач3,0
36,Врач4,0
36,Врач5,0
36,Врач6,0
36,Врач7,0
36,Врач8,0
36,Врач9,0
36,Врач10,0
36,Врач11,0
36,Врач12,0
36,Врач13,0
36,Врач14,0
36,Врач15,0
37,Врач1,0
37,Врач2,0
37,Врач3,0
37,Врач4,0
37,Врач5,0
37,Врач6,0
37,Врач7,0
37,Врач8,0
37,Врач9,0
37,Врач10,0
37,Врач11,0
37,Врач12,0
37,Врач13,0
37,Врач14,0
37,Врач15,1
38,Врач1,0
38,Врач2,0
38,Врач3,0
38,Врач4,1
38,Врач5,0
38,Врач6,1
38,Врач7,0
38,Врач8,0
38,Врач9,0
38,Врач10,0
38,Врач11,0
38,Врач12,0
38,Врач13,0
38,Врач14,0
38,Врач15,0
39,Врач1,0
39,Врач2,0
39,Врач3,0
39,Врач4,0
39,Врач5,0
39,Врач6,0
39,Врач7,0
39,Врач8,0
39,Врач9,0
39,Врач10,0
39,Врач11,0
39,Врач12,0
39,Врач13,0
39,Врач14,0
39,Врач15,0
40,Врач1,0
40,Врач2,1
40,Врач3,0
40,Врач4,0
40,Врач5,0
40,Врач6,0
40,Врач7,0
40,Врач8,0
40,Врач9,0
40,Врач10,0
40,Врач11,0
40,Врач12,0
40,Врач13,0
40,Врач14,0
40,Врач15,0
41,Врач1,0
41,Врач2,0
41,Врач3,0
41,Врач4,0
41,Врач5,0
41,Врач6,0
41,Врач7,0
41,Врач8,0
41,Врач9,0
41,Врач10,0
41,Врач11,0
41,Врач12,0
41,Врач13,0
41,Врач14,0
41,Врач15,0
42,Врач1,0
42,Врач2,0
42,Врач3,0
42,Врач4,0
42,Врач5,0
42,Врач6,0
42,Врач7,0
42,Врач8,0
42,Врач9,0
42,Врач10,0
42,Врач11,0
42,Врач12,0
42,Врач13,0
42,Врач14,0
42,Врач15,0
43,Врач1,0
43,Врач2,1
43,Врач3,1
43,Врач4,0
43,Врач5,0
43,Врач6,0
43,Врач7,0
43,Врач8,0
43,Врач9,0
43,Врач10,0
43,Врач11,0
43,Врач12,0
43,Врач13,0
43,Врач14,1
43,Врач15,0
44,Врач1,0
44,Врач2,0
44,Врач3,0
44,Врач4,0
44,Врач5,0
44,Врач6,0
44,Врач7,0
44,Врач8,0
44,Врач9,0
44,Врач10,0
44,Врач11,0
44,Врач12,0
44,Врач13,0
44,Врач14,0
44,Врач15,0
45,Врач1,0
45,Врач2,0
45,Врач3,0
45,Врач4,0
45,Врач5,0
45,Врач6,0
45,Врач7,0
45,Врач8,0
45,Врач9,0
45,Врач10,0
45,Врач11,0
45,Врач12,0
45,Врач13,0
45,Врач14,0
45,Врач15,0
46,Врач1,0
46,Врач2,0
46,Врач3,0
46,Врач4,0
46,Врач5,0
46,Врач6,0
46,Врач7,0
46,Врач8,0
46,Врач9,0
46,Врач10,0
46,Врач11,0
46,Врач12,0
46,Врач13,0
46,Врач14,0
46,Врач15,0
47,Врач1,0
47,Врач2,0
47,Врач3,0
47,Врач4,0
47,Врач5,0
47,Врач6,0
47,Врач7,0
47,Врач8,0
47,Врач9,0
47,Врач10,0
47,Врач11,0
47,Врач12,0
47,Врач13,0
47,Врач14,0
47,Врач15,0
48,Врач1,0
48,Врач2,0
48,Врач3,0
48,Врач4,0
48,Врач5,0
48,Врач6,0
48,Врач7,0
48,Врач8,0
48,Врач9,0
48,Врач10,0
48,Врач11,0
48,Врач12,0
48,Врач13,0
48,Врач14,0
48,Врач15,0
49,Врач1,1
49,Врач2,0
49,Врач3,0
49,Врач4,0
49,Врач5,0
49,Врач6,0
49,Врач7,0
49,Врач8,0
49,Врач9,0
49,Врач10,0
49,Врач11,0
49,Врач12,0
49,Врач13,0
49,Врач14,1
49,Врач15,0
50,Врач1,0
50,Врач2,0
50,Врач3,0
50,Врач4,1
50,Врач5,1
50,Врач6,0
50,Врач7,0
50,Врач8,1
50,Врач9,1
50,Врач10,0
50,Врач11,0
50,Врач12,0
50,Врач13,0
50,Врач14,0
50,Врач15,0
51,Врач1,0
51,Врач2,0
51,Врач3,0
51,Врач4,0
51,Врач5,0
51,Врач6,0
51,Врач7,0
51,Врач8,0
51,Врач9,0
51,Врач10,0
51,Врач11,0
51,Врач12,0
51,Врач13,0
51,Врач14,0
51,Врач15,0
52,Врач1,0
52,Врач2,0
52,Врач3,0
52,Врач4,0
52,Врач5,0
52,Врач6,0
52,Врач7,0
52,Врач8,1
52,Врач9,0
52,Врач10,0
52,Врач11,0
52,Врач12,0
52,Врач13,0
52,Врач14,0
52,Врач15,1
53,Врач1,0
53,Врач2,0
53,Врач3,0
53,Врач4,0
53,Врач5,0
53,Врач6,0
53,Врач7,0
53,Врач8,0
53,Врач9,0
53,Врач10,0
53,Врач11,0
53,Врач12,0
53,Врач13,0
53,Врач14,0
53,Врач15,0
54,Врач1,0
54,Врач2,0
54,Врач3,0
54,Врач4,0
54,Врач5,0
54,Врач6,0
54,Врач7,0
54,Врач8,0
54,Врач9,0
54,Врач10,0
54,Врач11,0
54,Врач12,0
54,Врач13,0
54,Врач14,0
54,Врач15,0
55,Врач1,1
55,Врач2,1
55,Врач3,0
55,Врач4,1
55,Врач5,0
55,Врач6,0
55,Врач7,0
55,Врач8,1
55,Врач9,0
55,Врач10,1
55,Врач11,0
55,Врач12,1
55,Врач13,0
55,Врач14,0
55,Врач15,1
56,Врач1,0
56,Врач2,0
56,Врач3,0
56,Врач4,0
56,Врач5,0
56,Врач6,0
56,Врач7,0
56,Врач8,0
56,Врач9,0
56,Врач10,0
56,Врач11,0
56,Врач12,0
56,Врач13,0
56,Врач14,0
56,Врач15,0
57,Врач1,0
57,Врач2,0
57,Врач3,0
57,Врач4,0
57,Врач5,0
57,Врач6,0
57,Врач7,0
57,Врач8,0
57,Врач9,0
57,Врач10,0
57,Врач11,0
57,Врач12,0
57,Врач13,0
57,Врач14,0
57,Врач15,1
58,Врач1,1
58,Врач2,1
58,Врач3,0
58,Врач4,0
58,Врач5,0
58,Врач6,0
58,Врач7,0
58,Врач8,0
58,Врач9,0
58,Врач10,0
58,Врач11,0
58,Врач12,0
58,Врач13,0
58,Врач14,0
58,Врач15,0
59,Врач1,0
59,Врач2,0
59,Врач3,0
59,Врач4,0
59,Врач5,0
59,Врач6,0
59,Врач7,0
59,Врач8,0
59,Врач9,0
59,Врач10,0
59,Врач11,0
59,Врач12,0
59,Врач13,0
59,Врач14,0
59,Врач15,0
60,Врач1,0
60,Врач2,0
60,Врач3,0
60,Врач4,0
60,Врач5,0
60,Врач6,0
60,Врач7,0
60,Врач8,0
60,Врач9,0
60,Врач10,0
60,Врач11,0
60,Врач12,0
60,Врач13,0
60,Врач14,0
60,Врач15,1
61,Врач1,0
61,Врач2,0
61,Врач3,0
61,Врач4,0
61,Врач5,0
61,Врач6,0
61,Врач7,0
61,Врач8,0
61,Врач9,0
61,Врач10,0
61,Врач11,0
61,Врач12,0
61,Врач13,0
61,Врач14,0
61,Врач15,0
62,Врач1,0
62,Врач2,0
62,Врач3,0
62,Врач4,0
62,Врач5,0
62,Врач6,0
62,Врач7,0
62,Врач8,0
62,Врач9,0
62,Врач10,0
62,Врач11,0
62,Врач12,0
62,Врач13,0
62,Врач14,0
62,Врач15,0
63,Врач1,0
63,Врач2,1
63,Врач3,0
63,Врач4,0
63,Врач5,0
63,Врач6,0
63,Врач7,0
63,Врач8,0
63,Врач9,0
63,Врач10,1
63,Врач11,0
63,Врач12,0
63,Врач13,0
63,Врач14,0
63,Врач15,1
64,Врач1,0
64,Врач2,1
64,Врач3,0
64,Врач4,0
64,Врач5,0
64,Врач6,0
64,Врач7,0
64,Врач8,1
64,Врач9,0
64,Врач10,0
64,Врач11,1
64,Врач12,1
64,Врач13,0
64,Врач14,0
64,Врач15,0
65,Врач1,0
65,Врач2,0
65,Врач3,0
65,Врач4,0
65,Врач5,0
65,Врач6,0
65,Врач7,0
65,Врач8,0
65,Врач9,0
65,Врач10,0
65,Врач11,0
65,Врач12,0
65,Врач13,0
65,Врач14,0
65,Врач15,0
66,Врач1,0
66,Врач2,0
66,Врач3,0
66,Врач4,0
66,Врач5,0
66,Врач6,0
66,Врач7,1
66,Врач8,0
66,Врач9,0
66,Врач10,0
66,Врач11,1
66,Врач12,0
66,Врач13,0
66,Врач14,0
66,Врач15,0
67,Врач1,1
67,Врач2,1
67,Врач3,0
67,Врач4,0
67,Врач5,1
67,Врач6,0
67,Врач7,0
67,Врач8,0
67,Врач9,1
67,Врач10,1
67,Врач11,0
67,Врач12,0
67,Врач13,0
67,Врач14,1
67,Врач15,1
68,Врач1,0
68,Врач2,1
68,Врач3,0
68,Врач4,0
68,Врач5,0
68,Врач6,0
68,Врач7,0
68,Врач8,0
68,Врач9,0
68,Врач10,0
68,Врач11,0
68,Врач12,0
68,Врач13,0
68,Врач14,0
68,Врач15,0
69,Врач1,0
69,Врач2,0
69,Врач3,0
69,Врач4,0
69,Врач5,0
69,Врач6,0
69,Врач7,0
69,Врач8,0
69,Врач9,0
69,Врач10,0
69,Врач11,0
69,Врач12,0
69,Врач13,0
69,Врач14,0
69,Врач15,0
70,Врач1,0
70,Врач2,0
70,Врач3,0
70,Врач4,0
70,Врач5,0
70,Врач6,0
70,Врач7,0
70,Врач8,0
70,Врач9,0
70,Врач10,0
70,Врач11,0
70,Врач12,0
70,Врач13,0
70,Врач14,0
70,Врач15,0
71,Врач1,0
71,Врач2,0
71,Врач3,0
71,Врач4,0
71,Врач5,0
71,Врач6,0
71,Врач7,0
71,Врач8,0
71,Врач9,0
71,Врач10,0
71,Врач11,0
71,Врач12,0
71,Врач13,0
71,Врач14,0
71,Врач15,0
72,Врач1,1
72,Врач2,1
72,Врач3,1
72,Врач4,0
72,Врач5,1
72,Врач6,0
72,Врач7,1
72,Врач8,0
72,Врач9,0
72,Врач10,0
72,Врач11,0
72,Врач12,0
72,Врач13,1
72,Врач14,1
72,Врач15,1
73,Врач1,0
73,Врач2,0
73,Врач3,0
73,Врач4,0
73,Врач5,0
73,Врач6,0
73,Врач7,0
73,Врач8,0
73,Врач9,0
73,Врач10,0
73,Врач11,0
73,Врач12,0
73,Врач13,0
73,Врач14,0
73,Врач15,0
74,Врач1,0
74,Врач2,0
74,Врач3,0
74,Врач4,0
74,Врач5,0
74,Врач6,0
74,Врач7,0
74,Врач8,0
74,Врач9,0
74,Врач10,0
74,Врач11,0
74,Врач12,0
74,Врач13,0
74,Врач14,0
74,Врач15,0
75,Врач1,0
75,Врач2,0
75,Врач3,0
75,Врач4,0
75,Врач5,0
75,Врач6,0
75,Врач7,0
75,Врач8,1
75,Врач9,0
75,Врач10,0
75,Врач11,0
75,Врач12,0
75,Врач13,0
75,Врач14,0
75,Врач15,0
76,Врач1,0
76,Врач2,1
76,Врач3,0
76,Врач4,1
76,Врач5,0
76,Врач6,0
76,Врач7,0
76,Врач8,1
76,Врач9,0
76,Врач10,0
76,Врач11,0
76,Врач12,0
76,Врач13,0
76,Врач14,0
76,Врач15,0
77,Врач1,0
77,Врач2,0
77,Врач3,0
77,Врач4,0
77,Врач5,0
77,Врач6,0
77,Врач7,0
77,Врач8,0
77,Врач9,0
77,Врач10,0
77,Врач11,0
77,Врач12,0
77,Врач13,0
77,Врач14,0
77,Врач15,0
78,Врач1,0
78,Врач2,1
78,Врач3,1
78,Врач4,0
78,Врач5,0
78,Врач6,0
78,Врач7,1
78,Врач8,1
78,Врач9,0
78,Врач10,0
78,Врач11,0
78,Врач12,0
78,Врач13,0
78,Врач14,0
78,Врач15,1
79,Врач1,0
79,Врач2,0
79,Врач3,0
79,Врач4,0
79,Врач5,0
79,Врач6,0
79,Врач7,0
79,Врач8,0
79,Врач9,0
79,Врач10,0
79,Врач11,0
79,Врач12,0
79,Врач13,0
79,Врач14,0
79,Врач15,1
80,Врач1,0
80,Врач2,0
80,Врач3,0
80,Врач4,0
80,Врач5,0
80,Врач6,0
80,Врач7,0
80,Врач8,0
80,Врач9,0
80,Врач10,0
80,Врач11,0
80,Врач12,0
80,Врач13,0
80,Врач14,0
80,Врач15,0
81,Врач1,0
81,Врач2,0
81,Врач3,0
81,Врач4,0
81,Врач5,0
81,Врач6,0
81,Врач7,0
81,Врач8,0
81,Врач9,0
81,Врач10,0
81,Врач11,0
81,Врач12,0
81,Врач13,0
81,Врач14,0
81,Врач15,1
82,Врач1,0
82,Врач2,1
82,Врач3,0
82,Врач4,1
82,Врач5,0
82,Врач6,0
82,Врач7,0
82,Врач8,0
82,Врач9,0
82,Врач10,0
82,Врач11,0
82,Врач12,0
82,Врач13,0
82,Врач14,0
82,Врач15,1
83,Врач1,0
83,Врач2,0
83,Врач3,0
83,Врач4,0
83,Врач5,0
83,Врач6,0
83,Врач7,0
83,Врач8,0
83,Врач9,0
83,Врач10,0
83,Врач11,0
83,Врач12,1
83,Врач13,0
83,Врач14,0
83,Врач15,1
84,Врач1,0
84,Врач2,0
84,Врач3,0
84,Врач4,0
84,Врач5,0
84,Врач6,1
84,Врач7,0
84,Врач8,0
84,Врач9,0
84,Врач10,0
84,Врач11,0
84,Врач12,0
84,Врач13,0
84,Врач14,0
84,Врач15,1
85,Врач1,0
85,Врач2,1
85,Врач3,0
85,Врач4,0
85,Врач5,0
85,Врач6,1
85,Врач7,0
85,Врач8,0
85,Врач9,0
85,Врач10,0
85,Врач11,0
85,Врач12,1
85,Врач13,0
85,Врач14,0
85,Врач15,1
86,Врач1,0
86,Врач2,0
86,Врач3,0
86,Врач4,0
86,Врач5,0
86,Врач6,0
86,Врач7,0
86,Врач8,0
86,Врач9,0
86,Врач10,0
86,Врач11,0
86,Врач12,0
86,Врач13,0
86,Врач14,0
86,Врач15,1
87,Врач1,1
87,Врач2,1
87,Врач3,0
87,Врач4,0
87,Врач5,0
87,Врач6,1
87,Врач7,0
87,Врач8,0
87,Врач9,0
87,Врач10,0
87,Врач11,0
87,Врач12,1
87,Врач13,0
87,Врач14,0
87,Врач15,0
88,Врач1,1
88,Врач2,0
88,Врач3,0
88,Врач4,0
88,Врач5,0
88,Врач6,1
88,Врач7,1
88,Врач8,0
88,Врач9,0
88,Врач10,0
88,Врач11,0
88,Врач12,0
88,Врач13,0
88,Врач14,0
88,Врач15,1
89,Врач1,0
89,Врач2,0
89,Врач3,0
89,Врач4,0
89,Врач5,0
89,Врач6,0
89,Врач7,0
89,Врач8,0
89,Врач9,0
89,Врач10,0
89,Врач11,0
89,Врач12,0
89,Врач13,0
89,Врач14,0
89,Врач15,0
90,Врач1,0
90,Врач2,1
90,Врач3,0
90,Врач4,0
90,Врач5,0
90,Врач6,0
90,Врач7,0
90,Врач8,0
90,Врач9,0
90,Врач10,0
90,Врач11,0
90,Врач12,0
90,Врач13,0
90,Врач14,0
90,Врач15,1
91,Врач1,0
91,Врач2,0
91,Врач3,0
91,Врач4,0
91,Врач5,0
91,Врач6,0
91,Врач7,0
91,Врач8,0
91,Врач9,0
91,Врач10,0
91,Врач11,0
91,Врач12,0
91,Врач13,0
91,Врач14,0
91,Врач15,0
92,Врач1,0
92,Врач2,0
92,Врач3,0
92,Врач4,0
92,Врач5,0
92,Врач6,0
92,Врач7,0
92,Врач8,0
92,Врач9,0
92,Врач10,0
92,Врач11,0
92,Врач12,0
92,Врач13,0
92,Врач14,0
92,Врач15,0
93,Врач1,0
93,Врач2,0
93,Врач3,0
93,Врач4,0
93,Врач5,0
93,Врач6,0
93,Врач7,0
93,Врач8,0
93,Врач9,0
93,Врач10,0
93,Врач11,0
93,Врач12,0
93,Врач13,0
93,Врач14,0
93,Врач15,1
94,Врач1,0
94,Врач2,0
94,Врач3,0
94,Врач4,1
94,Врач5,0
94,Врач6,0
94,Врач7,0
94,Врач8,0
94,Врач9,0
94,Врач10,0
94,Врач11,0
94,Врач12,0
94,Врач13,0
94,Врач14,0
94,Врач15,1
95,Врач1,0
95,Врач2,0
95,Врач3,0
95,Врач4,0
95,Врач5,0
95,Врач6,0
95,Врач7,0
95,Врач8,0
95,Врач9,0
95,Врач10,0
95,Врач11,0
95,Врач12,0
95,Врач13,0
95,Врач14,0
95,Врач15,0
96,Врач1,0
96,Врач2,1
96,Врач3,0
96,Врач4,0
96,Врач5,0
96,Врач6,1
96,Врач7,0
96,Врач8,0
96,Врач9,0
96,Врач10,0
96,Врач11,1
96,Врач12,0
96,Врач13,0
96,Врач14,0
96,Врач15,0
97,Врач1,1
97,Врач2,0
97,Врач3,1
97,Врач4,0
97,Врач5,0
97,Врач6,1
97,Врач7,1
97,Врач8,0
97,Врач9,1
97,Врач10,0
97,Врач11,0
97,Врач12,1
97,Врач13,0
97,Врач14,1
97,Врач15,1
98,Врач1,0
98,Врач2,0
98,Врач3,0
98,Врач4,0
98,Врач5,0
98,Врач6,0
98,Врач7,0
98,Врач8,0
98,Врач9,0
98,Врач10,0
98,Врач11,0
98,Врач12,0
98,Врач13,0
98,Врач14,0
98,Врач15,0
99,Врач1,0
99,Врач2,1
99,Врач3,0
99,Врач4,0
99,Врач5,0
99,Врач6,0
99,Врач7,0
99,Врач8,0
99,Врач9,0
99,Врач10,1
99,Врач11,0
99,Врач12,1
99,Врач13,1
99,Врач14,0
99,Врач15,1
100,Врач1,0
100,Врач2,0
100,Врач3,0
100,Врач4,0
100,Врач5,0
100,Врач6,0
100,Врач7,0
100,Врач8,0
100,Врач9,0
100,Врач10,0
100,Врач11,0
100,Врач12,0
100,Врач13,0
100,Врач14,0
100,Врач15,1
101,Врач1,0
101,Врач2,0
101,Врач3,0
101,Врач4,0
101,Врач5,0
101,Врач6,0
101,Врач7,0
101,Врач8,0
101,Врач9,0
101,Врач10,0
101,Врач11,0
101,Врач12,0
101,Врач13,0
101,Врач14,0
101,Врач15,0
102,Врач1,0
102,Врач2,1
102,Врач3,0
102,Врач4,0
102,Врач5,0
102,Врач6,0
102,Врач7,0
102,Врач8,0
102,Врач9,0
102,Врач10,0
102,Врач11,0
102,Врач12,0
102,Врач13,0
102,Врач14,0
102,Врач15,0
103,Врач1,0
103,Врач2,0
103,Врач3,0
103,Врач4,0
103,Врач5,0
103,Врач6,0
103,Врач7,0
103,Врач8,0
103,Врач9,0
103,Врач10,0
103,Врач11,0
103,Врач12,0
103,Врач13,0
103,Врач14,0
103,Врач15,0
104,Врач1,0
104,Врач2,1
104,Врач3,1
104,Врач4,1
104,Врач5,0
104,Врач6,1
104,Врач7,1
104,Врач8,0
104,Врач9,0
104,Врач10,0
104,Врач11,1
104,Врач12,1
104,Врач13,1
104,Врач14,0
104,Врач15,1
105,Врач1,0
105,Врач2,0
105,Врач3,0
105,Врач4,0
105,Врач5,0
105,Врач6,1
105,Врач7,0
105,Врач8,0
105,Врач9,0
105,Врач10,0
105,Врач11,0
105,Врач12,0
105,Врач13,0
105,Врач14,0
105,Врач15,0
106,Врач1,0
106,Врач2,0
106,Врач3,0
106,Врач4,0
106,Врач5,0
106,Врач6,0
106,Врач7,0
106,Врач8,0
106,Врач9,0
106,Врач10,0
106,Врач11,0
106,Врач12,1
106,Врач13,0
106,Врач14,0
106,Врач15,1
107,Врач1,0
107,Врач2,1
107,Врач3,0
107,Врач4,0
107,Врач5,0
107,Врач6,0
107,Врач7,0
107,Врач8,0
107,Врач9,0
107,Врач10,0
107,Врач11,0
107,Врач12,0
107,Врач13,0
107,Врач14,0
107,Врач15,0
108,Врач1,0
108,Врач2,0
108,Врач3,0
108,Врач4,0
108,Врач5,0
108,Врач6,0
108,Врач7,0
108,Врач8,0
108,Врач9,0
108,Врач10,0
108,Врач11,0
108,Врач12,0
108,Врач13,0
108,Врач14,0
108,Врач15,0
109,Врач1,0
109,Врач2,0
109,Врач3,0
109,Врач4,0
109,Врач5,0
109,Врач6,0
109,Врач7,1
109,Врач8,0
109,Врач9,0
109,Врач10,0
109,Врач11,0
109,Врач12,0
109,Врач13,0
109,Врач14,0
109,Врач15,1
110,Врач1,1
110,Врач2,0
110,Врач3,1
110,Врач4,0
110,Врач5,1
110,Врач6,1
110,Врач7,1
110,Врач8,0
110,Врач9,1
110,Врач10,0
110,Врач11,1
110,Врач12,0
110,Врач13,0
110,Врач14,1
110,Врач15,0
111,Врач1,0
111,Врач2,0
111,Врач3,0
111,Врач4,0
111,Врач5,0
111,Врач6,0
111,Врач7,0
111,Врач8,0
111,Врач9,0
111,Врач10,0
111,Врач11,0
111,Врач12,0
111,Врач13,0
111,Врач14,0
111,Врач15,0
112,Врач1,0
112,Врач2,0
112,Врач3,0
112,Врач4,0
112,Врач5,0
112,Врач6,0
112,Врач7,0
112,Врач8,0
112,Врач9,0
112,Врач10,0
112,Врач11,0
112,Врач12,0
112,Врач13,0
112,Врач14,0
112,Врач15,0
113,Врач1,0
113,Врач2,0
113,Врач3,0
113,Врач4,0
113,Врач5,0
113,Врач6,0
113,Врач7,0
113,Врач8,1
113,Врач9,0
113,Врач10,0
113,Врач11,0
113,Врач12,1
113,Врач13,0
113,Врач14,0
113,Врач15,1
114,Врач1,1
114,Врач2,1
114,Врач3,1
114,Врач4,0
114,Врач5,0
114,Врач6,0
114,Врач7,1
114,Врач8,0
114,Врач9,1
114,Врач10,1
114,Врач11,1
114,Врач12,1
114,Врач13,1
114,Врач14,1
114,Врач15,1
115,Врач1,0
115,Врач2,0
115,Врач3,0
115,Врач4,0
115,Врач5,0
115,Врач6,0
115,Врач7,0
115,Врач8,0
115,Врач9,0
115,Врач10,0
115,Врач11,0
115,Врач12,0
115,Врач13,0
115,Врач14,0
115,Врач15,0
116,Врач1,0
116,Врач2,0
116,Врач3,0
116,Врач4,1
116,Врач5,0
116,Врач6,1
116,Врач7,0
116,Врач8,0
116,Врач9,0
116,Врач10,0
116,Врач11,0
116,Врач12,0
116,Врач13,0
116,Врач14,0
116,Врач15,0
117,Врач1,0
117,Врач2,0
117,Врач3,0
117,Врач4,0
117,Врач5,0
117,Врач6,0
117,Врач7,0
117,Врач8,0
117,Врач9,0
117,Врач10,0
117,Врач11,0
117,Врач12,0
117,Врач13,0
117,Врач14,0
117,Врач15,1
118,Врач1,0
118,Врач2,0
118,Врач3,0
118,Врач4,0
118,Врач5,0
118,Врач6,0
118,Врач7,0
118,Врач8,0
118,Врач9,0
118,Врач10,0
118,Врач11,0
118,Врач12,0
118,Врач13,0
118,Врач14,0
118,Врач15,0
119,Врач1,0
119,Врач2,1
119,Врач3,0
119,Врач4,0
119,Врач5,0
119,Врач6,0
119,Врач7,0
119,Врач8,0
119,Врач9,0
119,Врач10,0
119,Врач11,0
119,Врач12,0
119,Врач13,0
119,Врач14,0
119,Врач15,1
120,Врач1,0
120,Врач2,0
120,Врач3,0
120,Врач4,0
120,Врач5,0
120,Врач6,0
120,Врач7,0
120,Врач8,0
120,Врач9,0
120,Врач10,0
120,Врач11,0
120,Врач12,0
120,Врач13,0
120,Врач14,0
120,Врач15,0
121,Врач1,1
121,Врач2,1
121,Врач3,0
121,Врач4,1
121,Врач5,1
121,Врач6,0
121,Врач7,1
121,Врач8,0
121,Врач9,0
121,Врач10,1
121,Врач11,1
121,Врач12,1
121,Врач13,0
121,Врач14,1
121,Врач15,1
122,Врач1,0
122,Врач2,0
122,Врач3,0
122,Врач4,0
122,Врач5,0
122,Врач6,0
122,Врач7,0
122,Врач8,0
122,Врач9,0
122,Врач10,0
122,Врач11,0
122,Врач12,0
122,Врач13,0
122,Врач14,0
122,Врач15,0
123,Врач1,0
123,Врач2,0
123,Врач3,0
123,Врач4,0
123,Врач5,0
123,Врач6,0
123,Врач7,0
123,Врач8,0
123,Врач9,0
123,Врач10,0
123,Врач11,0
123,Врач12,0
123,Врач13,0
123,Врач14,0
123,Врач15,0
124,Врач1,0
124,Врач2,0
124,Врач3,0
124,Врач4,1
124,Врач5,0
124,Врач6,1
124,Врач7,0
124,Врач8,0
124,Врач9,0
124,Врач10,0
124,Врач11,0
124,Врач12,0
124,Врач13,0
124,Врач14,0
124,Врач15,0
125,Врач1,0
125,Врач2,0
125,Врач3,0
125,Врач4,0
125,Врач5,0
125,Врач6,0
125,Врач7,1
125,Врач8,1
125,Врач9,0
125,Врач10,0
125,Врач11,0
125,Врач12,0
125,Врач13,0
125,Врач14,1
125,Врач15,1
126,Врач1,0
126,Врач2,0
126,Врач3,0
126,Врач4,0
126,Врач5,1
126,Врач6,0
126,Врач7,0
126,Врач8,0
126,Врач9,0
126,Врач10,0
126,Врач11,0
126,Врач12,0
126,Врач13,0
126,Врач14,0
126,Врач15,0
127,Врач1,0
127,Врач2,0
127,Врач3,0
127,Врач4,0
127,Врач5,0
127,Врач6,0
127,Врач7,0
127,Врач8,0
127,Врач9,0
127,Врач10,0
127,Врач11,0
127,Врач12,0
127,Врач13,0
127,Врач14,0
127,Врач15,0
128,Врач1,0
128,Врач2,0
128,Врач3,0
128,Врач4,0
128,Врач5,0
128,Врач6,0
128,Врач7,0
128,Врач8,0
128,Врач9,0
128,Врач10,0
128,Врач11,0
128,Врач12,0
128,Врач13,0
128,Врач14,0
128,Врач15,0
129,Врач1,0
129,Врач2,0
129,Врач3,0
129,Врач4,0
129,Врач5,0
129,Врач6,0
129,Врач7,1
129,Врач8,0
129,Врач9,0
129,Врач10,0
129,Врач11,0
129,Врач12,0
129,Врач13,0
129,Врач14,0
129,Врач15,1
130,Врач1,0
130,Врач2,0
130,Врач3,0
130,Врач4,0
130,Врач5,0
130,Врач6,0
130,Врач7,0
130,Врач8,0
130,Врач9,0
130,Врач10,0
130,Врач11,0
130,Врач12,1
130,Врач13,0
130,Врач14,0
130,Врач15,1
131,Врач1,1
131,Врач2,0
131,Врач3,1
131,Врач4,0
131,Врач5,0
131,Врач6,0
131,Врач7,1
131,Врач8,1
131,Врач9,0
131,Врач10,1
131,Врач11,0
131,Врач12,1
131,Врач13,1
131,Врач14,0
131,Врач15,0
132,Врач1,0
132,Врач2,0
132,Врач3,0
132,Врач4,0
132,Врач5,0
132,Врач6,0
132,Врач7,0
132,Врач8,0
132,Врач9,0
132,Врач10,0
132,Врач11,0
132,Врач12,0
132,Врач13,0
132,Врач14,0
132,Врач15,0
133,Врач1,0
133,Врач2,0
133,Врач3,0
133,Врач4,0
133,Врач5,0
133,Врач6,0
133,Врач7,0
133,Врач8,0
133,Врач9,0
133,Врач10,0
133,Врач11,0
133,Врач12,0
133,Врач13,0
133,Врач14,0
133,Врач15,0
134,Врач1,0
134,Врач2,0
134,Врач3,0
134,Врач4,0
134,Врач5,0
134,Врач6,0
134,Врач7,0
134,Врач8,0
134,Врач9,0
134,Врач10,0
134,Врач11,0
134,Врач12,0
134,Врач13,0
134,Врач14,0
134,Врач15,1
135,Врач1,1
135,Врач2,1
135,Врач3,1
135,Врач4,1
135,Врач5,1
135,Врач6,1
135,Врач7,0
135,Врач8,0
135,Врач9,1
135,Врач10,1
135,Врач11,0
135,Врач12,1
135,Врач13,1
135,Врач14,0
135,Врач15,1
136,Врач1,0
136,Врач2,0
136,Врач3,0
136,Врач4,0
136,Врач5,0
136,Врач6,0
136,Врач7,0
136,Врач8,0
136,Врач9,0
136,Врач10,0
136,Врач11,0
136,Врач12,0
136,Врач13,0
136,Врач14,0
136,Врач15,0
137,Врач1,1
137,Врач2,0
137,Врач3,0
137,Врач4,0
137,Врач5,0
137,Врач6,1
137,Врач7,1
137,Врач8,1
137,Врач9,0
137,Врач10,0
137,Врач11,1
137,Врач12,0
137,Врач13,0
137,Врач14,0
137,Врач15,1
138,Врач1,0
138,Врач2,0
138,Врач3,0
138,Врач4,0
138,Врач5,0
138,Врач6,0
138,Врач7,0
138,Врач8,0
138,Врач9,0
138,Врач10,0
138,Врач11,0
138,Врач12,0
138,Врач13,0
138,Врач14,0
138,Врач15,0
139,Врач1,0
139,Врач2,0
139,Врач3,0
139,Врач4,0
139,Врач5,0
139,Врач6,0
139,Врач7,0
139,Врач8,0
139,Врач9,0
139,Врач10,0
139,Врач11,0
139,Врач12,0
139,Врач13,0
139,Врач14,0
139,Врач15,0
140,Врач1,0
140,Врач2,0
140,Врач3,0
140,Врач4,0
140,Врач5,0
140,Врач6,0
140,Врач7,0
140,Врач8,0
140,Врач9,0
140,Врач10,0
140,Врач11,0
140,Врач12,0
140,Врач13,0
140,Врач14,0
140,Врач15,0
141,Врач1,0
141,Врач2,0
141,Врач3,0
141,Врач4,0
141,Врач5,0
141,Врач6,1
141,Врач7,0
141,Врач8,0
141,Врач9,0
141,Врач10,0
141,Врач11,0
141,Врач12,0
141,Врач13,0
141,Врач14,0
141,Врач15,0
142,Врач1,0
142,Врач2,0
142,Врач3,0
142,Врач4,0
142,Врач5,0
142,Врач6,0
142,Врач7,0
142,Врач8,0
142,Врач9,0
142,Врач10,0
142,Врач11,0
142,Врач12,0
142,Врач13,0
142,Врач14,0
142,Врач15,0
143,Врач1,0
143,Врач2,1
143,Врач3,0
143,Врач4,0
143,Врач5,0
143,Врач6,0
143,Врач7,0
143,Врач8,0
143,Врач9,0
143,Врач10,0
143,Врач11,0
143,Врач12,0
143,Врач13,0
143,Врач14,0
143,Врач15,0
144,Врач1,0
144,Врач2,0
144,Врач3,0
144,Врач4,0
144,Врач5,0
144,Врач6,0
144,Врач7,0
144,Врач8,0
144,Врач9,0
144,Врач10,0
144,Врач11,0
144,Врач12,0
144,Врач13,0
144,Врач14,0
144,Врач15,0
145,Врач1,0
145,Врач2,0
145,Врач3,0
145,Врач4,0
145,Врач5,0
145,Врач6,0
145,Врач7,0
145,Врач8,0
145,Врач9,0
145,Врач10,0
145,Врач11,0
145,Врач12,0
145,Врач13,0
145,Врач14,0
145,Врач15,0
146,Врач1,0
146,Врач2,0
146,Врач3,0
146,Врач4,0
146,Врач5,0
146,Врач6,0
146,Врач7,0
146,Врач8,0
146,Врач9,0
146,Врач10,0
146,Врач11,0
146,Врач12,0
146,Врач13,0
146,Врач14,0
146,Врач15,0
147,Врач1,0
147,Врач2,1
147,Врач3,0
147,Врач4,0
147,Врач5,0
147,Врач6,0
147,Врач7,0
147,Врач8,0
147,Врач9,0
147,Врач10,0
147,Врач11,0
147,Врач12,0
147,Врач13,0
147,Врач14,0
147,Врач15,0
148,Врач1,0
148,Врач2,0
148,Врач3,0
148,Врач4,0
148,Врач5,0
148,Врач6,0
148,Врач7,0
148,Врач8,0
148,Врач9,0
148,Врач10,0
148,Врач11,0
148,Врач12,0
148,Врач13,0
148,Врач14,0
148,Врач15,0
149,Врач1,0
149,Врач2,0
149,Врач3,0
149,Врач4,0
149,Врач5,0
149,Врач6,0
149,Врач7,0
149,Врач8,0
149,Врач9,0
149,Врач10,0
149,Врач11,0
149,Врач12,0
149,Врач13,0
149,Врач14,0
149,Врач15,0
150,Врач1,0
150,Врач2,1
150,Врач3,0
150,Врач4,1
150,Врач5,0
150,Врач6,0
150,Врач7,0
150,Врач8,0
150,Врач9,0
150,Врач10,0
150,Врач11,0
150,Врач12,1
150,Врач13,0
150,Врач14,0
150,Врач15,1
151,Врач1,0
151,Врач2,0
151,Врач3,0
151,Врач4,0
151,Врач5,0
151,Врач6,0
151,Врач7,0
151,Врач8,0
151,Врач9,0
151,Врач10,0
151,Врач11,0
151,Врач12,0
151,Врач13,0
151,Врач14,0
151,Врач15,0
152,Врач1,0
152,Врач2,0
152,Врач3,0
152,Врач4,0
152,Врач5,0
152,Врач6,0
152,Врач7,1
152,Врач8,0
152,Врач9,0
152,Врач10,0
152,Врач11,0
152,Врач12,0
152,Врач13,0
152,Врач14,0
152,Врач15,1
153,Врач1,0
153,Врач2,0
153,Врач3,0
153,Врач4,0
153,Врач5,0
153,Врач6,0
153,Врач7,0
153,Врач8,0
153,Врач9,0
153,Врач10,0
153,Врач11,0
153,Врач12,0
153,Врач13,0
153,Врач14,0
153,Врач15,0
154,Врач1,1
154,Врач2,0
154,Врач3,1
154,Врач4,1
154,Врач5,1
154,Врач6,1
154,Врач7,0
154,Врач8,0
154,Врач9,1
154,Врач10,1
154,Врач11,1
154,Врач12,0
154,Врач13,1
154,Врач14,1
154,Врач15,1
155,Врач1,0
155,Врач2,1
155,Врач3,0
155,Врач4,0
155,Врач5,0
155,Врач6,0
155,Врач7,1
155,Врач8,0
155,Врач9,0
155,Врач10,0
155,Врач11,1
155,Врач12,1
155,Врач13,0
155,Врач14,0
155,Врач15,0
156,Врач1,0
156,Врач2,0
156,Врач3,0
156,Врач4,0
156,Врач5,0
156,Врач6,0
156,Врач7,0
156,Врач8,0
156,Врач9,0
156,Врач10,0
156,Врач11,0
156,Врач12,0
156,Врач13,0
156,Врач14,0
156,Врач15,0
157,Врач1,0
157,Врач2,0
157,Врач3,0
157,Врач4,0
157,Врач5,0
157,Врач6,0
157,Врач7,0
157,Врач8,0
157,Врач9,0
157,Врач10,0
157,Врач11,0
157,Врач12,0
157,Врач13,0
157,Врач14,0
157,Врач15,0
158,Врач1,0
158,Врач2,0
158,Врач3,0
158,Врач4,0
158,Врач5,0
158,Врач6,0
158,Врач7,1
158,Врач8,0
158,Врач9,0
158,Врач10,0
158,Врач11,0
158,Врач12,0
158,Врач13,0
158,Врач14,0
158,Врач15,0
159,Врач1,0
159,Врач2,0
159,Врач3,0
159,Врач4,0
159,Врач5,0
159,Врач6,0
159,Врач7,0
159,Врач8,0
159,Врач9,0
159,Врач10,0
159,Врач11,0
159,Врач12,0
159,Врач13,0
159,Врач14,0
159,Врач15,0
160,Врач1,1
160,Врач2,1
160,Врач3,0
160,Врач4,0
160,Врач5,0
160,Врач6,0
160,Врач7,0
160,Врач8,0
160,Врач9,0
160,Врач10,0
160,Врач11,0
160,Врач12,0
160,Врач13,0
160,Врач14,0
160,Врач15,1
161,Врач1,0
161,Врач2,0
161,Врач3,0
161,Врач4,0
161,Врач5,0
161,Врач6,1
161,Врач7,0
161,Врач8,0
161,Врач9,0
161,Врач10,0
161,Врач11,0
161,Врач12,0
161,Врач13,0
161,Врач14,0
161,Врач15,0
162,Врач1,0
162,Врач2,1
162,Врач3,0
162,Врач4,1
162,Врач5,0
162,Врач6,0
162,Врач7,0
162,Врач8,0
162,Врач9,0
162,Врач10,0
162,Врач11,0
162,Врач12,0
162,Врач13,0
162,Врач14,0
162,Врач15,0
163,Врач1,0
163,Врач2,0
163,Врач3,0
163,Врач4,0
163,Врач5,0
163,Врач6,0
163,Врач7,0
163,Врач8,0
163,Врач9,0
163,Врач10,0
163,Врач11,0
163,Врач12,0
163,Врач13,0
163,Врач14,0
163,Врач15,0
164,Врач1,0
164,Врач2,0
164,Врач3,0
164,Врач4,0
164,Врач5,0
164,Врач6,0
164,Врач7,0
164,Врач8,0
164,Врач9,0
164,Врач10,0
164,Врач11,0
164,Врач12,0
164,Врач13,0
164,Врач14,0
164,Врач15,0
165,Врач1,0
165,Врач2,0
165,Врач3,0
165,Врач4,0
165,Врач5,0
165,Врач6,0
165,Врач7,0
165,Врач8,0
165,Врач9,0
165,Врач10,0
165,Врач11,0
165,Врач12,0
165,Врач13,0
165,Врач14,0
165,Врач15,0
166,Врач1,0
166,Врач2,1
166,Врач3,0
166,Врач4,0
166,Врач5,0
166,Врач6,1
166,Врач7,0
166,Врач8,0
166,Врач9,0
166,Врач10,0
166,Врач11,0
166,Врач12,0
166,Врач13,0
166,Врач14,0
166,Врач15,1
167,Врач1,0
167,Врач2,0
167,Врач3,0
167,Врач4,0
167,Врач5,0
167,Врач6,0
167,Врач7,0
167,Врач8,0
167,Врач9,0
167,Врач10,0
167,Врач11,0
167,Врач12,0
167,Врач13,0
167,Врач14,0
167,Врач15,0
168,Врач1,0
168,Врач2,1
168,Врач3,0
168,Врач4,0
168,Врач5,0
168,Врач6,0
168,Врач7,0
168,Врач8,0
168,Врач9,1
168,Врач10,0
168,Врач11,0
168,Врач12,0
168,Врач13,0
168,Врач14,0
168,Врач15,1
169,Врач1,0
169,Врач2,0
169,Врач3,0
169,Врач4,0
169,Врач5,0
169,Врач6,0
169,Врач7,0
169,Врач8,0
169,Врач9,0
169,Врач10,0
169,Врач11,0
169,Врач12,0
169,Врач13,0
169,Врач14,0
169,Врач15,0
170,Врач1,0
170,Врач2,0
170,Врач3,0
170,Врач4,0
170,Врач5,0
170,Врач6,0
170,Врач7,0
170,Врач8,0
170,Врач9,0
170,Врач10,0
170,Врач11,0
170,Врач12,0
170,Врач13,0
170,Врач14,0
170,Врач15,0
171,Врач1,1
171,Врач2,1
171,Врач3,1
171,Врач4,1
171,Врач5,0
171,Врач6,1
171,Врач7,0
171,Врач8,0
171,Врач9,0
171,Врач10,0
171,Врач11,0
171,Врач12,1
171,Врач13,0
171,Врач14,0
171,Врач15,1
172,Врач1,0
172,Врач2,0
172,Врач3,0
172,Врач4,0
172,Врач5,0
172,Врач6,0
172,Врач7,0
172,Врач8,0
172,Врач9,0
172,Врач10,0
172,Врач11,0
172,Врач12,0
172,Врач13,0
172,Врач14,0
172,Врач15,0
173,Врач1,0
173,Врач2,0
173,Врач3,0
173,Врач4,0
173,Врач5,0
173,Врач6,0
173,Врач7,0
173,Врач8,0
173,Врач9,0
173,Врач10,0
173,Врач11,0
173,Врач12,0
173,Врач13,0
173,Врач14,0
173,Врач15,0
174,Врач1,0
174,Врач2,0
174,Врач3,0
174,Врач4,0
174,Врач5,0
174,Врач6,0
174,Врач7,0
174,Врач8,0
174,Врач9,0
174,Врач10,0
174,Врач11,0
174,Врач12,0
174,Врач13,0
174,Врач14,0
174,Врач15,0
175,Врач1,0
175,Врач2,0
175,Врач3,0
175,Врач4,0
175,Врач5,0
175,Врач6,1
175,Врач7,0
175,Врач8,0
175,Врач9,0
175,Врач10,0
175,Врач11,0
175,Врач12,0
175,Врач13,0
175,Врач14,0
175,Врач15,1
176,Врач1,0
176,Врач2,0
176,Врач3,0
176,Врач4,0
176,Врач5,0
176,Врач6,0
176,Врач7,0
176,Врач8,0
176,Врач9,0
176,Врач10,0
176,Врач11,0
176,Врач12,0
176,Врач13,0
176,Врач14,0
176,Врач15,0
177,Врач1,0
177,Врач2,0
177,Врач3,0
177,Врач4,0
177,Врач5,0
177,Врач6,0
177,Врач7,0
177,Врач8,0
177,Врач9,0
177,Врач10,0
177,Врач11,0
177,Врач12,0
177,Врач13,0
177,Врач14,0
177,Врач15,1
178,Врач1,0
178,Врач2,0
178,Врач3,0
178,Врач4,0
178,Врач5,0
178,Врач6,0
178,Врач7,0
178,Врач8,0
178,Врач9,0
178,Врач10,0
178,Врач11,0
178,Врач12,0
178,Врач13,0
178,Врач14,0
178,Врач15,0
179,Врач1,0
179,Врач2,0
179,Врач3,0
179,Врач4,1
179,Врач5,0
179,Врач6,0
179,Врач7,1
179,Врач8,0
179,Врач9,1
179,Врач10,1
179,Врач11,0
179,Врач12,1
179,Врач13,0
179,Врач14,1
179,Врач15,1
180,Врач1,0
180,Врач2,0
180,Врач3,0
180,Врач4,0
180,Врач5,0
180,Врач6,0
180,Врач7,0
180,Врач8,0
180,Врач9,0
180,Врач10,0
180,Врач11,0
180,Врач12,0
180,Врач13,0
180,Врач14,0
180,Врач15,0
181,Врач1,0
181,Врач2,1
181,Врач3,0
181,Врач4,0
181,Врач5,0
181,Врач6,1
181,Врач7,0
181,Врач8,0
181,Врач9,1
181,Врач10,1
181,Врач11,0
181,Врач12,1
181,Врач13,0
181,Врач14,0
181,Врач15,1
182,Врач1,0
182,Врач2,0
182,Врач3,0
182,Врач4,0
182,Врач5,0
182,Врач6,0
182,Врач7,0
182,Врач8,0
182,Врач9,0
182,Врач10,0
182,Врач11,0
182,Врач12,0
182,Врач13,0
182,Врач14,0
182,Врач15,0
183,Врач1,1
183,Врач2,1
183,Врач3,0
183,Врач4,1
183,Врач5,1
183,Врач6,1
183,Врач7,1
183,Врач8,0
183,Врач9,1
183,Врач10,1
183,Врач11,0
183,Врач12,1
183,Врач13,0
183,Врач14,1
183,Врач15,1
184,Врач1,0
184,Врач2,0
184,Врач3,0
184,Врач4,0
184,Врач5,0
184,Врач6,0
184,Врач7,0
184,Врач8,0
184,Врач9,0
184,Врач10,0
184,Врач11,0
184,Врач12,0
184,Врач13,0
184,Врач14,0
184,Врач15,0
185,Врач1,0
185,Врач2,0
185,Врач3,0
185,Врач4,0
185,Врач5,0
185,Врач6,0
185,Врач7,0
185,Врач8,0
185,Врач9,0
185,Врач10,0
185,Врач11,0
185,Врач12,0
185,Врач13,0
185,Врач14,0
185,Врач15,0
186,Врач1,0
186,Врач2,1
186,Врач3,0
186,Врач4,0
186,Врач5,1
186,Врач6,0
186,Врач7,0
186,Врач8,0
186,Врач9,0
186,Врач10,1
186,Врач11,0
186,Врач12,1
186,Врач13,0
186,Врач14,0
186,Врач15,0
187,Врач1,0
187,Врач2,0
187,Врач3,0
187,Врач4,0
187,Врач5,0
187,Врач6,1
187,Врач7,0
187,Врач8,0
187,Врач9,0
187,Врач10,0
187,Врач11,0
187,Врач12,0
187,Врач13,0
187,Врач14,0
187,Врач15,1
188,Врач1,0
188,Врач2,0
188,Врач3,0
188,Врач4,0
188,Врач5,0
188,Врач6,0
188,Врач7,0
188,Врач8,0
188,Врач9,0
188,Врач10,0
188,Врач11,0
188,Врач12,0
188,Врач13,0
188,Врач14,0
188,Врач15,0
189,Врач1,0
189,Врач2,0
189,Врач3,0
189,Врач4,1
189,Врач5,0
189,Врач6,0
189,Врач7,0
189,Врач8,0
189,Врач9,0
189,Врач10,0
189,Врач11,0
189,Врач12,0
189,Врач13,0
189,Врач14,0
189,Врач15,0
190,Врач1,0
190,Врач2,0
190,Врач3,0
190,Врач4,0
190,Врач5,0
190,Врач6,0
190,Врач7,0
190,Врач8,0
190,Врач9,0
190,Врач10,0
190,Врач11,0
190,Врач12,0
190,Врач13,0
190,Врач14,0
190,Врач15,0
191,Врач1,0
191,Врач2,0
191,Врач3,0
191,Врач4,0
191,Врач5,0
191,Врач6,0
191,Врач7,0
191,Врач8,0
191,Врач9,0
191,Врач10,0
191,Врач11,0
191,Врач12,0
191,Врач13,0
191,Врач14,0
191,Врач15,0
192,Врач1,0
192,Врач2,0
192,Врач3,0
192,Врач4,0
192,Врач5,0
192,Врач6,0
192,Врач7,0
192,Врач8,0
192,Врач9,0
192,Врач10,0
192,Врач11,0
192,Врач12,0
192,Врач13,0
192,Врач14,0
192,Врач15,1
193,Врач1,1
193,Врач2,1
193,Врач3,0
193,Врач4,0
193,Врач5,0
193,Врач6,1
193,Врач7,1
193,Врач8,0
193,Врач9,0
193,Врач10,1
193,Врач11,1
193,Врач12,1
193,Врач13,0
193,Врач14,0
193,Врач15,1
194,Врач1,0
194,Врач2,0
194,Врач3,0
194,Врач4,0
194,Врач5,0
194,Врач6,0
194,Врач7,0
194,Врач8,0
194,Врач9,0
194,Врач10,0
194,Врач11,0
194,Врач12,0
194,Врач13,0
194,Врач14,0
194,Врач15,0
195,Врач1,0
195,Врач2,0
195,Врач3,0
195,Врач4,0
195,Врач5,0
195,Врач6,0
195,Врач7,0
195,Врач8,0
195,Врач9,0
195,Врач10,0
195,Врач11,0
195,Врач12,0
195,Врач13,0
195,Врач14,0
195,Врач15,0
196,Врач1,0
196,Врач2,0
196,Врач3,0
196,Врач4,0
196,Врач5,0
196,Врач6,0
196,Врач7,0
196,Врач8,0
196,Врач9,0
196,Врач10,0
196,Врач11,0
196,Врач12,0
196,Врач13,0
196,Врач14,0
196,Врач15,0
197,Врач1,0
197,Врач2,0
197,Врач3,0
197,Врач4,0
197,Врач5,0
197,Врач6,0
197,Врач7,0
197,Врач8,0
197,Врач9,0
197,Врач10,0
197,Врач11,0
197,Врач12,0
197,Врач13,0
197,Врач14,0
197,Врач15,0
198,Врач1,1
198,Врач2,0
198,Врач3,0
198,Врач4,0
198,Врач5,0
198,Врач6,1
198,Врач7,0
198,Врач8,0
198,Врач9,1
198,Врач10,0
198,Врач11,1
198,Врач12,0
198,Врач13,1
198,Врач14,1
198,Врач15,0
199,Врач1,0
199,Врач2,1
199,Врач3,0
199,Врач4,0
199,Врач5,0
199,Врач6,1
199,Врач7,1
199,Врач8,0
199,Врач9,0
199,Врач10,0
199,Врач11,1
199,Врач12,0
199,Врач13,0
199,Врач14,0
199,Врач15,0
200,Врач1,0
200,Врач2,0
200,Врач3,0
200,Врач4,0
200,Врач5,0
200,Врач6,0
200,Врач7,0
200,Врач8,0
200,Врач9,0
200,Врач10,0
200,Врач11,0
200,Врач12,0
200,Врач13,0
200,Врач14,0
200,Врач15,0
201,Врач1,0
201,Врач2,1
201,Врач3,0
201,Врач4,1
201,Врач5,0
201,Врач6,0
201,Врач7,0
201,Врач8,1
201,Врач9,1
201,Врач10,0
201,Врач11,0
201,Врач12,1
201,Врач13,0
201,Врач14,0
201,Врач15,0
202,Врач1,0
202,Врач2,0
202,Врач3,0
202,Врач4,0
202,Врач5,0
202,Врач6,0
202,Врач7,0
202,Врач8,0
202,Врач9,0
202,Врач10,0
202,Врач11,0
202,Врач12,0
202,Врач13,0
202,Врач14,0
202,Врач15,0
203,Врач1,1
203,Врач2,1
203,Врач3,0
203,Врач4,0
203,Врач5,0
203,Врач6,1
203,Врач7,0
203,Врач8,0
203,Врач9,0
203,Врач10,0
203,Врач11,0
203,Врач12,1
203,Врач13,1
203,Врач14,1
203,Врач15,1
204,Врач1,0
204,Врач2,0
204,Врач3,0
204,Врач4,0
204,Врач5,0
204,Врач6,0
204,Врач7,0
204,Врач8,0
204,Врач9,0
204,Врач10,0
204,Врач11,0
204,Врач12,0
204,Врач13,0
204,Врач14,0
204,Врач15,0
205,Врач1,0
205,Врач2,0
205,Врач3,0
205,Врач4,0
205,Врач5,0
205,Врач6,0
205,Врач7,0
205,Врач8,0
205,Врач9,0
205,Врач10,0
205,Врач11,0
205,Врач12,0
205,Врач13,0
205,Врач14,0
205,Врач15,0
206,Врач1,0
206,Врач2,0
206,Врач3,0
206,Врач4,0
206,Врач5,0
206,Врач6,0
206,Врач7,0
206,Врач8,0
206,Врач9,0
206,Врач10,0
206,Врач11,0
206,Врач12,0
206,Врач13,0
206,Врач14,0
206,Врач15,0
207,Врач1,0
207,Врач2,0
207,Врач3,0
207,Врач4,0
207,Врач5,0
207,Врач6,1
207,Врач7,0
207,Врач8,0
207,Врач9,0
207,Врач10,0
207,Врач11,0
207,Врач12,0
207,Врач13,0
207,Врач14,0
207,Врач15,1
208,Врач1,0
208,Врач2,1
208,Врач3,0
208,Врач4,0
208,Врач5,0
208,Врач6,0
208,Врач7,0
208,Врач8,0
208,Врач9,0
208,Врач10,0
208,Врач11,0
208,Врач12,0
208,Врач13,0
208,Врач14,0
208,Врач15,1
209,Врач1,0
209,Врач2,0
209,Врач3,0
209,Врач4,0
209,Врач5,0
209,Врач6,1
209,Врач7,0
209,Врач8,0
209,Врач9,0
209,Врач10,0
209,Врач11,0
209,Врач12,0
209,Врач13,0
209,Врач14,0
209,Врач15,0
210,Врач1,0
210,Врач2,1
210,Врач3,0
210,Врач4,0
210,Врач5,0
210,Врач6,0
210,Врач7,0
210,Врач8,0
210,Врач9,0
210,Врач10,0
210,Врач11,0
210,Врач12,0
210,Врач13,0
210,Врач14,0
210,Врач15,0
211,Врач1,1
211,Врач2,1
211,Врач3,0
211,Врач4,1
211,Врач5,0
211,Врач6,1
211,Врач7,0
211,Врач8,0
211,Врач9,0
211,Врач10,0
211,Врач11,1
211,Врач12,1
211,Врач13,1
211,Врач14,0
211,Врач15,1
212,Врач1,0
212,Врач2,0
212,Врач3,0
212,Врач4,0
212,Врач5,0
212,Врач6,0
212,Врач7,0
212,Врач8,0
212,Врач9,0
212,Врач10,0
212,Врач11,0
212,Врач12,0
212,Врач13,0
212,Врач14,0
212,Врач15,0
213,Врач1,0
213,Врач2,0
213,Врач3,0
213,Врач4,0
213,Врач5,0
213,Врач6,0
213,Врач7,0
213,Врач8,0
213,Врач9,0
213,Врач10,0
213,Врач11,0
213,Врач12,0
213,Врач13,0
213,Врач14,0
213,Врач15,0
214,Врач1,0
214,Врач2,0
214,Врач3,0
214,Врач4,0
214,Врач5,0
214,Врач6,0
214,Врач7,0
214,Врач8,0
214,Врач9,0
214,Врач10,0
214,Врач11,0
214,Врач12,0
214,Врач13,0
214,Врач14,0
214,Врач15,0
215,Врач1,0
215,Врач2,0
215,Врач3,0
215,Врач4,0
215,Врач5,0
215,Врач6,0
215,Врач7,0
215,Врач8,0
215,Врач9,0
215,Врач10,0
215,Врач11,0
215,Врач12,0
215,Врач13,0
215,Врач14,0
215,Врач15,0
216,Врач1,0
216,Врач2,0
216,Врач3,0
216,Врач4,0
216,Врач5,0
216,Врач6,0
216,Врач7,1
216,Врач8,0
216,Врач9,0
216,Врач10,0
216,Врач11,0
216,Врач12,0
216,Врач13,0
216,Врач14,0
216,Врач15,0
217,Врач1,1
217,Врач2,1
217,Врач3,0
217,Врач4,0
217,Врач5,1
217,Врач6,0
217,Врач7,1
217,Врач8,0
217,Врач9,0
217,Врач10,0
217,Врач11,1
217,Врач12,0
217,Врач13,0
217,Врач14,1
217,Врач15,0
218,Врач1,0
218,Врач2,1
218,Врач3,0
218,Врач4,0
218,Врач5,0
218,Врач6,0
218,Врач7,0
218,Врач8,0
218,Врач9,0
218,Врач10,0
218,Врач11,0
218,Врач12,0
218,Врач13,0
218,Врач14,0
218,Врач15,0
219,Врач1,0
219,Врач2,0
219,Врач3,0
219,Врач4,0
219,Врач5,0
219,Врач6,0
219,Врач7,0
219,Врач8,0
219,Врач9,0
219,Врач10,0
219,Врач11,0
219,Врач12,0
219,Врач13,0
219,Врач14,0
219,Врач15,0
220,Врач1,0
220,Врач2,0
220,Врач3,0
220,Врач4,0
220,Врач5,0
220,Врач6,0
220,Врач7,1
220,Врач8,0
220,Врач9,0
220,Врач10,0
220,Врач11,0
220,Врач12,0
220,Врач13,0
220,Врач14,0
220,Врач15,0
221,Врач1,0
221,Врач2,1
221,Врач3,0
221,Врач4,0
221,Врач5,0
221,Врач6,0
221,Врач7,0
221,Врач8,0
221,Врач9,0
221,Врач10,0
221,Врач11,0
221,Врач12,0
221,Врач13,0
221,Врач14,0
221,Врач15,1
222,Врач1,0
222,Врач2,0
222,Врач3,0
222,Врач4,0
222,Врач5,0
222,Врач6,0
222,Врач7,0
222,Врач8,0
222,Врач9,1
222,Врач10,0
222,Врач11,0
222,Врач12,0
222,Врач13,0
222,Врач14,0
222,Врач15,0
223,Врач1,1
223,Врач2,0
223,Врач3,0
223,Врач4,0
223,Врач5,0
223,Врач6,0
223,Врач7,0
223,Врач8,0
223,Врач9,0
223,Врач10,0
223,Врач11,0
223,Врач12,1
223,Врач13,0
223,Врач14,0
223,Врач15,1
224,Врач1,0
224,Врач2,0
224,Врач3,0
224,Врач4,0
224,Врач5,0
224,Врач6,0
224,Врач7,0
224,Врач8,0
224,Врач9,0
224,Врач10,0
224,Врач11,0
224,Врач12,0
224,Врач13,0
224,Врач14,1
224,Врач15,0
225,Врач1,0
225,Врач2,0
225,Врач3,0
225,Врач4,0
225,Врач5,0
225,Врач6,0
225,Врач7,0
225,Врач8,0
225,Врач9,0
225,Врач10,0
225,Врач11,0
225,Врач12,0
225,Врач13,0
225,Врач14,0
225,Врач15,0
226,Врач1,0
226,Врач2,0
226,Врач3,0
226,Врач4,0
226,Врач5,0
226,Врач6,0
226,Врач7,0
226,Врач8,0
226,Врач9,0
226,Врач10,0
226,Врач11,0
226,Врач12,0
226,Врач13,0
226,Врач14,0
226,Врач15,0
227,Врач1,0
227,Врач2,0
227,Врач3,0
227,Врач4,0
227,Врач5,0
227,Врач6,0
227,Врач7,0
227,Врач8,0
227,Врач9,0
227,Врач10,0
227,Врач11,0
227,Врач12,0
227,Врач13,0
227,Врач14,0
227,Врач15,1
228,Врач1,0
228,Врач2,0
228,Врач3,0
228,Врач4,0
228,Врач5,0
228,Врач6,0
228,Врач7,0
228,Врач8,0
228,Врач9,0
228,Врач10,0
228,Врач11,0
228,Врач12,0
228,Врач13,0
228,Врач14,0
228,Врач15,0
229,Врач1,0
229,Врач2,0
229,Врач3,0
229,Врач4,0
229,Врач5,0
229,Врач6,0
229,Врач7,0
229,Врач8,0
229,Врач9,0
229,Врач10,0
229,Врач11,0
229,Врач12,0
229,Врач13,0
229,Врач14,0
229,Врач15,1
230,Врач1,0
230,Врач2,0
230,Врач3,0
230,Врач4,0
230,Врач5,0
230,Врач6,0
230,Врач7,0
230,Врач8,0
230,Врач9,0
230,Врач10,0
230,Врач11,0
230,Врач12,0
230,Врач13,0
230,Врач14,0
230,Врач15,1
231,Врач1,0
231,Врач2,1
231,Врач3,0
231,Врач4,1
231,Врач5,0
231,Врач6,0
231,Врач7,0
231,Врач8,0
231,Врач9,0
231,Врач10,0
231,Врач11,0
231,Врач12,0
231,Врач13,1
231,Врач14,0
231,Врач15,0
232,Врач1,0
232,Врач2,0
232,Врач3,0
232,Врач4,0
232,Врач5,0
232,Врач6,0
232,Врач7,1
232,Врач8,0
232,Врач9,0
232,Врач10,0
232,Врач11,0
232,Врач12,0
232,Врач13,0
232,Врач14,0
232,Врач15,0
233,Врач1,0
233,Врач2,0
233,Врач3,0
233,Врач4,0
233,Врач5,0
233,Врач6,0
233,Врач7,0
233,Врач8,0
233,Врач9,0
233,Врач10,0
233,Врач11,0
233,Врач12,0
233,Врач13,0
233,Врач14,1
233,Врач15,0
234,Врач1,0
234,Врач2,0
234,Врач3,0
234,Врач4,0
234,Врач5,0
234,Врач6,0
234,Врач7,0
234,Врач8,0
234,Врач9,0
234,Врач10,0
234,Врач11,0
234,Врач12,0
234,Врач13,0
234,Врач14,0
234,Врач15,0
235,Врач1,0
235,Врач2,0
235,Врач3,0
235,Врач4,0
235,Врач5,0
235,Врач6,0
235,Врач7,0
235,Врач8,0
235,Врач9,0
235,Врач10,0
235,Врач11,0
235,Врач12,0
235,Врач13,0
235,Врач14,0
235,Врач15,0
236,Врач1,0
236,Врач2,0
236,Врач3,0
236,Врач4,0
236,Врач5,0
236,Врач6,0
236,Врач7,0
236,Врач8,0
236,Врач9,0
236,Врач10,0
236,Врач11,0
236,Врач12,0
236,Врач13,0
236,Врач14,0
236,Врач15,1
237,Врач1,1
237,Врач2,1
237,Врач3,0
237,Врач4,0
237,Врач5,0
237,Врач6,1
237,Врач7,0
237,Врач8,0
237,Врач9,0
237,Врач10,1
237,Врач11,0
237,Врач12,0
237,Врач13,0
237,Врач14,1
237,Врач15,1
238,Врач1,0
238,Врач2,0
238,Врач3,0
238,Врач4,0
238,Врач5,0
238,Врач6,0
238,Врач7,0
238,Врач8,0
238,Врач9,0
238,Врач10,0
238,Врач11,0
238,Врач12,0
238,Врач13,0
238,Врач14,0
238,Врач15,0
239,Врач1,0
239,Врач2,0
239,Врач3,0
239,Врач4,0
239,Врач5,0
239,Врач6,0
239,Врач7,0
239,Врач8,0
239,Врач9,0
239,Врач10,0
239,Врач11,0
239,Врач12,0
239,Врач13,0
239,Врач14,0
239,Врач15,0
240,Врач1,0
240,Врач2,0
240,Врач3,0
240,Врач4,0
240,Врач5,0
240,Врач6,0
240,Врач7,0
240,Врач8,0
240,Врач9,0
240,Врач10,0
240,Врач11,0
240,Врач12,0
240,Врач13,0
240,Врач14,0
240,Врач15,0
241,Врач1,0
241,Врач2,1
241,Врач3,0
241,Врач4,0
241,Врач5,0
241,Врач6,0
241,Врач7,0
241,Врач8,0
241,Врач9,0
241,Врач10,0
241,Врач11,0
241,Врач12,0
241,Врач13,0
241,Врач14,0
241,Врач15,0
242,Врач1,0
242,Врач2,0
242,Врач3,0
242,Врач4,0
242,Врач5,0
242,Врач6,0
242,Врач7,0
242,Врач8,0
242,Врач9,0
242,Врач10,0
242,Врач11,0
242,Врач12,0
242,Врач13,0
242,Врач14,0
242,Врач15,0
243,Врач1,0
243,Врач2,0
243,Врач3,0
243,Врач4,0
243,Врач5,0
243,Врач6,0
243,Врач7,0
243,Врач8,0
243,Врач9,0
243,Врач10,0
243,Врач11,0
243,Врач12,0
243,Врач13,0
243,Врач14,0
243,Врач15,0
244,Врач1,0
244,Врач2,0
244,Врач3,0
244,Врач4,0
244,Врач5,0
244,Врач6,0
244,Врач7,0
244,Врач8,0
244,Врач9,0
244,Врач10,0
244,Врач11,0
244,Врач12,0
244,Врач13,0
244,Врач14,0
244,Врач15,0
245,Врач1,0
245,Врач2,0
245,Врач3,0
245,Врач4,0
245,Врач5,0
245,Врач6,0
245,Врач7,0
245,Врач8,0
245,Врач9,0
245,Врач10,0
245,Врач11,0
245,Врач12,0
245,Врач13,0
245,Врач14,0
245,Врач15,1
246,Врач1,0
246,Врач2,0
246,Врач3,0
246,Врач4,0
246,Врач5,0
246,Врач6,0
246,Врач7,0
246,Врач8,0
246,Врач9,0
246,Врач10,0
246,Врач11,0
246,Врач12,0
246,Врач13,0
246,Врач14,0
246,Врач15,0
247,Врач1,0
247,Врач2,0
247,Врач3,0
247,Врач4,0
247,Врач5,0
247,Врач6,0
247,Врач7,0
247,Врач8,0
247,Врач9,0
247,Врач10,0
247,Врач11,0
247,Врач12,0
247,Врач13,0
247,Врач14,0
247,Врач15,1
248,Врач1,0
248,Врач2,0
248,Врач3,0
248,Врач4,0
248,Врач5,0
248,Врач6,0
248,Врач7,1
248,Врач8,0
248,Врач9,0
248,Врач10,0
248,Врач11,0
248,Врач12,0
248,Врач13,0
248,Врач14,0
248,Врач15,1
249,Врач1,0
249,Врач2,0
249,Врач3,0
249,Врач4,0
249,Врач5,0
249,Врач6,0
249,Врач7,0
249,Врач8,0
249,Врач9,0
249,Врач10,0
249,Врач11,0
249,Врач12,0
249,Врач13,0
249,Врач14,0
249,Врач15,0
250,Врач1,0
250,Врач2,0
250,Врач3,0
250,Врач4,0
250,Врач5,0
250,Врач6,0
250,Врач7,0
250,Врач8,0
250,Врач9,0
250,Врач10,0
250,Врач11,0
250,Врач12,0
250,Врач13,0
250,Врач14,0
250,Врач15,0
251,Врач1,1
251,Врач2,0
251,Врач3,0
251,Врач4,0
251,Врач5,0
251,Врач6,0
251,Врач7,0
251,Врач8,0
251,Врач9,0
251,Врач10,0
251,Врач11,0
251,Врач12,0
251,Врач13,0
251,Врач14,0
251,Врач15,0
252,Врач1,0
252,Врач2,0
252,Врач3,0
252,Врач4,0
252,Врач5,0
252,Врач6,0
252,Врач7,0
252,Врач8,0
252,Врач9,0
252,Врач10,0
252,Врач11,0
252,Врач12,0
252,Врач13,0
252,Врач14,0
252,Врач15,0
253,Врач1,0
253,Врач2,0
253,Врач3,0
253,Врач4,0
253,Врач5,0
253,Врач6,0
253,Врач7,0
253,Врач8,0
253,Врач9,0
253,Врач10,0
253,Врач11,0
253,Врач12,0
253,Врач13,0
253,Врач14,0
253,Врач15,0
254,Врач1,0
254,Врач2,1
254,Врач3,0
254,Врач4,0
254,Врач5,0
254,Врач6,0
254,Врач7,0
254,Врач8,1
254,Врач9,0
254,Врач10,0
254,Врач11,0
254,Врач12,0
254,Врач13,0
254,Врач14,1
254,Врач15,1
255,Врач1,0
255,Врач2,0
255,Врач3,0
255,Врач4,0
255,Врач5,0
255,Врач6,0
255,Врач7,0
255,Врач8,0
255,Врач9,0
255,Врач10,0
255,Врач11,0
255,Врач12,0
255,Врач13,0
255,Врач14,0
255,Врач15,0
256,Врач1,0
256,Врач2,0
256,Врач3,0
256,Врач4,0
256,Врач5,0
256,Врач6,0
256,Врач7,1
256,Врач8,0
256,Врач9,0
256,Врач10,0
256,Врач11,0
256,Врач12,0
256,Врач13,0
256,Врач14,0
256,Врач15,1
257,Врач1,0
257,Врач2,0
257,Врач3,0
257,Врач4,0
257,Врач5,0
257,Врач6,0
257,Врач7,0
257,Врач8,0
257,Врач9,0
257,Врач10,0
257,Врач11,0
257,Врач12,0
257,Врач13,0
257,Врач14,0
257,Врач15,1
258,Врач1,0
258,Врач2,1
258,Врач3,0
258,Врач4,0
258,Врач5,0
258,Врач6,0
258,Врач7,1
258,Врач8,0
258,Врач9,0
258,Врач10,0
258,Врач11,0
258,Врач12,0
258,Врач13,1
258,Врач14,1
258,Врач15,0
259,Врач1,0
259,Врач2,0
259,Врач3,0
259,Врач4,0
259,Врач5,0
259,Врач6,0
259,Врач7,0
259,Врач8,0
259,Врач9,0
259,Врач10,0
259,Врач11,0
259,Врач12,0
259,Врач13,0
259,Врач14,0
259,Врач15,0
260,Врач1,0
260,Врач2,1
260,Врач3,0
260,Врач4,1
260,Врач5,0
260,Врач6,0
260,Врач7,1
260,Врач8,0
260,Врач9,0
260,Врач10,1
260,Врач11,0
260,Врач12,1
260,Врач13,0
260,Врач14,0
260,Врач15,1
261,Врач1,0
261,Врач2,0
261,Врач3,0
261,Врач4,0
261,Врач5,0
261,Врач6,0
261,Врач7,0
261,Врач8,0
261,Врач9,0
261,Врач10,0
261,Врач11,0
261,Врач12,0
261,Врач13,0
261,Врач14,0
261,Врач15,1
262,Врач1,0
262,Врач2,0
262,Врач3,0
262,Врач4,0
262,Врач5,0
262,Врач6,0
262,Врач7,0
262,Врач8,0
262,Врач9,0
262,Врач10,0
262,Врач11,0
262,Врач12,0
262,Врач13,0
262,Врач14,0
262,Врач15,0
263,Врач1,0
263,Врач2,0
263,Врач3,0
263,Врач4,0
263,Врач5,1
263,Врач6,0
263,Врач7,1
263,Врач8,1
263,Врач9,1
263,Врач10,0
263,Врач11,1
263,Врач12,1
263,Врач13,1
263,Врач14,0
263,Врач15,0
264,Врач1,0
264,Врач2,0
264,Врач3,0
264,Врач4,1
264,Врач5,1
264,Врач6,0
264,Врач7,1
264,Врач8,1
264,Врач9,0
264,Врач10,0
264,Врач11,0
264,Врач12,0
264,Врач13,0
264,Врач14,0
264,Врач15,0
265,Врач1,0
265,Врач2,1
265,Врач3,0
265,Врач4,0
265,Врач5,0
265,Врач6,0
265,Врач7,1
265,Врач8,1
265,Врач9,0
265,Врач10,0
265,Врач11,0
265,Врач12,0
265,Врач13,0
265,Врач14,0
265,Врач15,0
266,Врач1,0
266,Врач2,0
266,Врач3,0
266,Врач4,0
266,Врач5,0
266,Врач6,0
266,Врач7,0
266,Врач8,0
266,Врач9,0
266,Врач10,0
266,Врач11,0
266,Врач12,0
266,Врач13,0
266,Врач14,0
266,Врач15,0
267,Врач1,0
267,Врач2,0
267,Врач3,0
267,Врач4,0
267,Врач5,0
267,Врач6,0
267,Врач7,0
267,Врач8,0
267,Врач9,0
267,Врач10,0
267,Врач11,0
267,Врач12,0
267,Врач13,0
267,Врач14,0
267,Врач15,0
268,Врач1,0
268,Врач2,0
268,Врач3,0
268,Врач4,0
268,Врач5,0
268,Врач6,0
268,Врач7,0
268,Врач8,0
268,Врач9,0
268,Врач10,1
268,Врач11,0
268,Врач12,0
268,Врач13,0
268,Врач14,0
268,Врач15,1
269,Врач1,0
269,Врач2,0
269,Врач3,0
269,Врач4,0
269,Врач5,0
269,Врач6,0
269,Врач7,0
269,Врач8,0
269,Врач9,0
269,Врач10,0
269,Врач11,0
269,Врач12,0
269,Врач13,0
269,Врач14,0
269,Врач15,0
270,Врач1,0
270,Врач2,0
270,Врач3,0
270,Врач4,1
270,Врач5,0
270,Врач6,1
270,Врач7,0
270,Врач8,0
270,Врач9,0
270,Врач10,0
270,Врач11,0
270,Врач12,1
270,Врач13,0
270,Врач14,0
270,Врач15,0
271,Врач1,0
271,Врач2,0
271,Врач3,0
271,Врач4,0
271,Врач5,0
271,Врач6,0
271,Врач7,0
271,Врач8,0
271,Врач9,0
271,Врач10,0
271,Врач11,0
271,Врач12,0
271,Врач13,0
271,Врач14,0
271,Врач15,0
272,Врач1,0
272,Врач2,1
272,Врач3,0
272,Врач4,0
272,Врач5,0
272,Врач6,0
272,Врач7,0
272,Врач8,0
272,Врач9,0
272,Врач10,0
272,Врач11,0
272,Врач12,0
272,Врач13,0
272,Врач14,0
272,Врач15,0
273,Врач1,0
273,Врач2,0
273,Врач3,0
273,Врач4,0
273,Врач5,0
273,Врач6,0
273,Врач7,0
273,Врач8,0
273,Врач9,0
273,Врач10,0
273,Врач11,0
273,Врач12,0
273,Врач13,0
273,Врач14,0
273,Врач15,0
274,Врач1,0
274,Врач2,1
274,Врач3,0
274,Врач4,0
274,Врач5,0
274,Врач6,0
274,Врач7,0
274,Врач8,0
274,Врач9,0
274,Врач10,0
274,Врач11,1
274,Врач12,0
274,Врач13,1
274,Врач14,0
274,Врач15,1
275,Врач1,0
275,Врач2,0
275,Врач3,0
275,Врач4,0
275,Врач5,0
275,Врач6,0
275,Врач7,0
275,Врач8,0
275,Врач9,0
275,Врач10,0
275,Врач11,0
275,Врач12,0
275,Врач13,0
275,Врач14,0
275,Врач15,0
276,Врач1,0
276,Врач2,0
276,Врач3,0
276,Врач4,0
276,Врач5,0
276,Врач6,0
276,Врач7,0
276,Врач8,0
276,Врач9,0
276,Врач10,0
276,Врач11,0
276,Врач12,0
276,Врач13,0
276,Врач14,0
276,Врач15,0
277,Врач1,0
277,Врач2,1
277,Врач3,0
277,Врач4,0
277,Врач5,0
277,Врач6,0
277,Врач7,0
277,Врач8,1
277,Врач9,0
277,Врач10,0
277,Врач11,0
277,Врач12,0
277,Врач13,0
277,Врач14,0
277,Врач15,1
278,Врач1,0
278,Врач2,0
278,Врач3,0
278,Врач4,0
278,Врач5,0
278,Врач6,0
278,Врач7,0
278,Врач8,0
278,Врач9,0
278,Врач10,0
278,Врач11,0
278,Врач12,0
278,Врач13,0
278,Врач14,0
278,Врач15,0
279,Врач1,0
279,Врач2,0
279,Врач3,0
279,Врач4,0
279,Врач5,0
279,Врач6,0
279,Врач7,0
279,Врач8,0
279,Врач9,0
279,Врач10,0
279,Врач11,0
279,Врач12,1
279,Врач13,0
279,Врач14,0
279,Врач15,1
280,Врач1,0
280,Врач2,0
280,Врач3,0
280,Врач4,0
280,Врач5,0
280,Врач6,0
280,Врач7,0
280,Врач8,0
280,Врач9,1
280,Врач10,0
280,Врач11,0
280,Врач12,0
280,Врач13,0
280,Врач14,0
280,Врач15,0
281,Врач1,0
281,Врач2,0
281,Врач3,0
281,Врач4,0
281,Врач5,0
281,Врач6,0
281,Врач7,1
281,Врач8,0
281,Врач9,0
281,Врач10,0
281,Врач11,0
281,Врач12,1
281,Врач13,0
281,Врач14,0
281,Врач15,1
282,Врач1,0
282,Врач2,0
282,Врач3,1
282,Врач4,1
282,Врач5,0
282,Врач6,0
282,Врач7,0
282,Врач8,0
282,Врач9,1
282,Врач10,0
282,Врач11,1
282,Врач12,0
282,Врач13,1
282,Врач14,0
282,Врач15,1
283,Врач1,0
283,Врач2,0
283,Врач3,0
283,Врач4,0
283,Врач5,0
283,Врач6,0
283,Врач7,0
283,Врач8,0
283,Врач9,0
283,Врач10,0
283,Врач11,1
283,Врач12,0
283,Врач13,0
283,Врач14,0
283,Врач15,1
284,Врач1,0
284,Врач2,0
284,Врач3,0
284,Врач4,1
284,Врач5,0
284,Врач6,0
284,Врач7,1
284,Врач8,0
284,Врач9,0
284,Врач10,0
284,Врач11,0
284,Врач12,0
284,Врач13,0
284,Врач14,0
284,Врач15,1
285,Врач1,0
285,Врач2,0
285,Врач3,0
285,Врач4,0
285,Врач5,0
285,Врач6,0
285,Врач7,0
285,Врач8,0
285,Врач9,0
285,Врач10,0
285,Врач11,0
285,Врач12,0
285,Врач13,0
285,Врач14,0
285,Врач15,0
286,Врач1,0
286,Врач2,0
286,Врач3,0
286,Врач4,0
286,Врач5,0
286,Врач6,0
286,Врач7,0
286,Врач8,0
286,Врач9,0
286,Врач10,0
286,Врач11,0
286,Врач12,0
286,Врач13,0
286,Врач14,0
286,Врач15,0
287,Врач1,0
287,Врач2,0
287,Врач3,0
287,Врач4,0
287,Врач5,0
287,Врач6,0
287,Врач7,0
287,Врач8,0
287,Врач9,0
287,Врач10,0
287,Врач11,0
287,Врач12,0
287,Врач13,0
287,Врач14,0
287,Врач15,0
288,Врач1,0
288,Врач2,0
288,Врач3,0
288,Врач4,1
288,Врач5,0
288,Врач6,0
288,Врач7,0
288,Врач8,0
288,Врач9,0
288,Врач10,0
288,Врач11,0
288,Врач12,0
288,Врач13,1
288,Врач14,0
288,Врач15,0
289,Врач1,0
289,Врач2,0
289,Врач3,0
289,Врач4,0
289,Врач5,0
289,Врач6,0
289,Врач7,0
289,Врач8,1
289,Врач9,0
289,Врач10,0
289,Врач11,0
289,Врач12,0
289,Врач13,0
289,Врач14,0
289,Врач15,1
290,Врач1,0
290,Врач2,0
290,Врач3,0
290,Врач4,0
290,Врач5,0
290,Врач6,0
290,Врач7,0
290,Врач8,0
290,Врач9,0
290,Врач10,0
290,Врач11,0
290,Врач12,0
290,Врач13,0
290,Врач14,0
290,Врач15,0
291,Врач1,0
291,Врач2,0
291,Врач3,0
291,Врач4,0
291,Врач5,0
291,Врач6,1
291,Врач7,0
291,Врач8,0
291,Врач9,0
291,Врач10,0
291,Врач11,1
291,Врач12,0
291,Врач13,0
291,Врач14,0
291,Врач15,1
292,Врач1,0
292,Врач2,0
292,Врач3,0
292,Врач4,0
292,Врач5,0
292,Врач6,0
292,Врач7,0
292,Врач8,0
292,Врач9,0
292,Врач10,0
292,Врач11,0
292,Врач12,0
292,Врач13,0
292,Врач14,0
292,Врач15,0
293,Врач1,0
293,Врач2,0
293,Врач3,0
293,Врач4,0
293,Врач5,0
293,Врач6,1
293,Врач7,0
293,Врач8,0
293,Врач9,0
293,Врач10,0
293,Врач11,0
293,Врач12,0
293,Врач13,0
293,Врач14,0
293,Врач15,1
294,Врач1,0
294,Врач2,0
294,Врач3,0
294,Врач4,0
294,Врач5,0
294,Врач6,0
294,Врач7,0
294,Врач8,0
294,Врач9,0
294,Врач10,0
294,Врач11,0
294,Врач12,0
294,Врач13,0
294,Врач14,0
294,Врач15,0
295,Врач1,0
295,Врач2,0
295,Врач3,0
295,Врач4,0
295,Врач5,0
295,Врач6,0
295,Врач7,0
295,Врач8,0
295,Врач9,0
295,Врач10,0
295,Врач11,0
295,Врач12,0
295,Врач13,0
295,Врач14,0
295,Врач15,0
296,Врач1,0
296,Врач2,1
296,Врач3,1
296,Врач4,1
296,Врач5,0
296,Врач6,0
296,Врач7,1
296,Врач8,0
296,Врач9,1
296,Врач10,1
296,Врач11,1
296,Врач12,1
296,Врач13,0
296,Врач14,1
296,Врач15,1
297,Врач1,0
297,Врач2,0
297,Врач3,0
297,Врач4,0
297,Врач5,0
297,Врач6,0
297,Врач7,0
297,Врач8,0
297,Врач9,0
297,Врач10,0
297,Врач11,0
297,Врач12,0
297,Врач13,0
297,Врач14,0
297,Врач15,0
298,Врач1,0
298,Врач2,0
298,Врач3,0
298,Врач4,0
298,Врач5,0
298,Врач6,0
298,Врач7,1
298,Врач8,0
298,Врач9,0
298,Врач10,0
298,Врач11,0
298,Врач12,0
298,Врач13,0
298,Врач14,1
298,Врач15,0
299,Врач1,0
299,Врач2,0
299,Врач3,0
299,Врач4,0
299,Врач5,0
299,Врач6,0
299,Врач7,0
299,Врач8,0
299,Врач9,0
299,Врач10,0
299,Врач11,0
299,Врач12,0
299,Врач13,0
299,Врач14,0
299,Врач15,0
300,Врач1,0
300,Врач2,0
300,Врач3,0
300,Врач4,0
300,Врач5,0
300,Врач6,0
300,Врач7,1
300,Врач8,0
300,Врач9,0
300,Врач10,0
300,Врач11,0
300,Врач12,0
300,Врач13,0
300,Врач14,0
300,Врач15,0
301,Врач1,0
301,Врач2,0
301,Врач3,0
301,Врач4,0
301,Врач5,0
301,Врач6,0
301,Врач7,0
301,Врач8,0
301,Врач9,0
301,Врач10,0
301,Врач11,0
301,Врач12,0
301,Врач13,0
301,Врач14,0
301,Врач15,0
302,Врач1,0
302,Врач2,0
302,Врач3,0
302,Врач4,0
302,Врач5,0
302,Врач6,0
302,Врач7,1
302,Врач8,0
302,Врач9,0
302,Врач10,0
302,Врач11,0
302,Врач12,0
302,Врач13,0
302,Врач14,0
302,Врач15,0
303,Врач1,0
303,Врач2,0
303,Врач3,0
303,Врач4,0
303,Врач5,0
303,Врач6,0
303,Врач7,1
303,Врач8,0
303,Врач9,0
303,Врач10,0
303,Врач11,0
303,Врач12,0
303,Врач13,0
303,Врач14,0
303,Врач15,0
304,Врач1,0
304,Врач2,0
304,Врач3,0
304,Врач4,0
304,Врач5,0
304,Врач6,0
304,Врач7,0
304,Врач8,0
304,Врач9,0
304,Врач10,0
304,Врач11,0
304,Врач12,0
304,Врач13,0
304,Врач14,0
304,Врач15,0
305,Врач1,0
305,Врач2,0
305,Врач3,0
305,Врач4,0
305,Врач5,1
305,Врач6,0
305,Врач7,0
305,Врач8,0
305,Врач9,0
305,Врач10,0
305,Врач11,0
305,Врач12,0
305,Врач13,0
305,Врач14,0
305,Врач15,0
306,Врач1,0
306,Врач2,0
306,Врач3,0
306,Врач4,0
306,Врач5,0
306,Врач6,0
306,Врач7,0
306,Врач8,0
306,Врач9,0
306,Врач10,0
306,Врач11,0
306,Врач12,0
306,Врач13,0
306,Врач14,0
306,Врач15,1
307,Врач1,1
307,Врач2,0
307,Врач3,0
307,Врач4,1
307,Врач5,0
307,Врач6,1
307,Врач7,0
307,Врач8,0
307,Врач9,0
307,Врач10,1
307,Врач11,0
307,Врач12,0
307,Врач13,0
307,Врач14,0
307,Врач15,0
308,Врач1,0
308,Врач2,1
308,Врач3,0
308,Врач4,0
308,Врач5,0
308,Врач6,0
308,Врач7,0
308,Врач8,0
308,Врач9,0
308,Врач10,0
308,Врач11,0
308,Врач12,0
308,Врач13,0
308,Врач14,0
308,Врач15,0
309,Врач1,0
309,Врач2,0
309,Врач3,0
309,Врач4,0
309,Врач5,0
309,Врач6,0
309,Врач7,0
309,Врач8,0
309,Врач9,0
309,Врач10,0
309,Врач11,0
309,Врач12,0
309,Врач13,0
309,Врач14,0
309,Врач15,0
310,Врач1,0
310,Врач2,1
310,Врач3,0
310,Врач4,0
310,Врач5,0
310,Врач6,1
310,Врач7,0
310,Врач8,0
310,Врач9,0
310,Врач10,0
310,Врач11,0
310,Врач12,0
310,Врач13,0
310,Врач14,0
310,Врач15,0
311,Врач1,0
311,Врач2,0
311,Врач3,0
311,Врач4,0
311,Врач5,0
311,Врач6,0
311,Врач7,0
311,Врач8,0
311,Врач9,0
311,Врач10,0
311,Врач11,0
311,Врач12,0
311,Врач13,0
311,Врач14,0
311,Врач15,0
312,Врач1,1
312,Врач2,0
312,Врач3,0
312,Врач4,1
312,Врач5,0
312,Врач6,1
312,Врач7,1
312,Врач8,0
312,Врач9,0
312,Врач10,0
312,Врач11,0
312,Врач12,0
312,Врач13,0
312,Врач14,0
312,Врач15,0
313,Врач1,0
313,Врач2,0
313,Врач3,0
313,Врач4,0
313,Врач5,0
313,Врач6,0
313,Врач7,0
313,Врач8,0
313,Врач9,0
313,Врач10,0
313,Врач11,0
313,Врач12,0
313,Врач13,0
313,Врач14,0
313,Врач15,0
314,Врач1,0
314,Врач2,1
314,Врач3,0
314,Врач4,0
314,Врач5,0
314,Врач6,0
314,Врач7,0
314,Врач8,0
314,Врач9,0
314,Врач10,0
314,Врач11,0
314,Врач12,0
314,Врач13,0
314,Врач14,0
314,Врач15,0
315,Врач1,0
315,Врач2,1
315,Врач3,0
315,Врач4,0
315,Врач5,0
315,Врач6,0
315,Врач7,0
315,Врач8,0
315,Врач9,0
315,Врач10,0
315,Врач11,0
315,Врач12,1
315,Врач13,0
315,Врач14,0
315,Врач15,0
316,Врач1,0
316,Врач2,0
316,Врач3,0
316,Врач4,0
316,Врач5,0
316,Врач6,0
316,Врач7,0
316,Врач8,0
316,Врач9,0
316,Врач10,0
316,Врач11,0
316,Врач12,0
316,Врач13,0
316,Врач14,0
316,Врач15,1
317,Врач1,0
317,Врач2,0
317,Врач3,0
317,Врач4,0
317,Врач5,0
317,Врач6,0
317,Врач7,0
317,Врач8,0
317,Врач9,0
317,Врач10,0
317,Врач11,0
317,Врач12,0
317,Врач13,0
317,Врач14,0
317,Врач15,1
318,Врач1,0
318,Врач2,0
318,Врач3,0
318,Врач4,0
318,Врач5,0
318,Врач6,0
318,Врач7,0
318,Врач8,0
318,Врач9,0
318,Врач10,0
318,Врач11,0
318,Врач12,0
318,Врач13,0
318,Врач14,0
318,Врач15,0
319,Врач1,0
319,Врач2,0
319,Врач3,0
319,Врач4,0
319,Врач5,0
319,Врач6,0
319,Врач7,0
319,Врач8,0
319,Врач9,0
319,Врач10,0
319,Врач11,0
319,Врач12,0
319,Врач13,0
319,Врач14,0
319,Врач15,0
320,Врач1,0
320,Врач2,0
320,Врач3,0
320,Врач4,0
320,Врач5,0
320,Врач6,0
320,Врач7,0
320,Врач8,0
320,Врач9,0
320,Врач10,1
320,Врач11,0
320,Врач12,0
320,Врач13,0
320,Врач14,0
320,Врач15,0
321,Врач1,0
321,Врач2,0
321,Врач3,0
321,Врач4,0
321,Врач5,0
321,Врач6,1
321,Врач7,0
321,Врач8,0
321,Врач9,0
321,Врач10,1
321,Врач11,0
321,Врач12,0
321,Врач13,0
321,Врач14,0
321,Врач15,1
322,Врач1,0
322,Врач2,1
322,Врач3,0
322,Врач4,0
322,Врач5,0
322,Врач6,0
322,Врач7,0
322,Врач8,0
322,Врач9,0
322,Врач10,0
322,Врач11,0
322,Врач12,0
322,Врач13,0
322,Врач14,0
322,Врач15,0
323,Врач1,0
323,Врач2,1
323,Врач3,0
323,Врач4,1
323,Врач5,0
323,Врач6,1
323,Врач7,0
323,Врач8,0
323,Врач9,0
323,Врач10,0
323,Врач11,0
323,Врач12,0
323,Врач13,0
323,Врач14,0
323,Врач15,0
324,Врач1,0
324,Врач2,0
324,Врач3,0
324,Врач4,0
324,Врач5,0
324,Врач6,0
324,Врач7,1
324,Врач8,0
324,Врач9,0
324,Врач10,0
324,Врач11,0
324,Врач12,0
324,Врач13,0
324,Врач14,0
324,Врач15,1
325,Врач1,0
325,Врач2,1
325,Врач3,0
325,Врач4,0
325,Врач5,0
325,Врач6,0
325,Врач7,0
325,Врач8,0
325,Врач9,0
325,Врач10,0
325,Врач11,0
325,Врач12,1
325,Врач13,0
325,Врач14,0
325,Врач15,1
326,Врач1,0
326,Врач2,0
326,Врач3,0
326,Врач4,0
326,Врач5,0
326,Врач6,0
326,Врач7,0
326,Врач8,0
326,Врач9,0
326,Врач10,0
326,Врач11,0
326,Врач12,0
326,Врач13,0
326,Врач14,0
326,Врач15,0
327,Врач1,0
327,Врач2,0
327,Врач3,0
327,Врач4,0
327,Врач5,0
327,Врач6,0
327,Врач7,0
327,Врач8,0
327,Врач9,0
327,Врач10,0
327,Врач11,0
327,Врач12,0
327,Врач13,0
327,Врач14,0
327,Врач15,0
328,Врач1,0
328,Врач2,0
328,Врач3,0
328,Врач4,0
328,Врач5,0
328,Врач6,1
328,Врач7,0
328,Врач8,0
328,Врач9,0
328,Врач10,0
328,Врач11,0
328,Врач12,0
328,Врач13,0
328,Врач14,1
328,Врач15,1
329,Врач1,0
329,Врач2,0
329,Врач3,0
329,Врач4,0
329,Врач5,0
329,Врач6,0
329,Врач7,0
329,Врач8,0
329,Врач9,0
329,Врач10,0
329,Врач11,0
329,Врач12,0
329,Врач13,0
329,Врач14,0
329,Врач15,0
330,Врач1,0
330,Врач2,1
330,Врач3,0
330,Врач4,0
330,Врач5,0
330,Врач6,0
330,Врач7,0
330,Врач8,0
330,Врач9,0
330,Врач10,0
330,Врач11,0
330,Врач12,1
330,Врач13,0
330,Врач14,0
330,Врач15,1
331,Врач1,0
331,Врач2,0
331,Врач3,0
331,Врач4,0
331,Врач5,0
331,Врач6,0
331,Врач7,0
331,Врач8,0
331,Врач9,0
331,Врач10,0
331,Врач11,0
331,Врач12,0
331,Врач13,0
331,Врач14,0
331,Врач15,0
332,Врач1,0
332,Врач2,0
332,Врач3,0
332,Врач4,0
332,Врач5,0
332,Врач6,0
332,Врач7,0
332,Врач8,0
332,Врач9,0
332,Врач10,0
332,Врач11,0
332,Врач12,0
332,Врач13,0
332,Врач14,0
332,Врач15,0
333,Врач1,0
333,Врач2,0
333,Врач3,0
333,Врач4,0
333,Врач5,0
333,Врач6,1
333,Врач7,0
333,Врач8,0
333,Врач9,0
333,Врач10,0
333,Врач11,0
333,Врач12,0
333,Врач13,0
333,Врач14,0
333,Врач15,0
334,Врач1,0
334,Врач2,0
334,Врач3,0
334,Врач4,0
334,Врач5,0
334,Врач6,0
334,Врач7,1
334,Врач8,0
334,Врач9,1
334,Врач10,0
334,Врач11,0
334,Врач12,0
334,Врач13,0
334,Врач14,0
334,Врач15,0
335,Врач1,0
335,Врач2,0
335,Врач3,0
335,Врач4,0
335,Врач5,0
335,Врач6,0
335,Врач7,0
335,Врач8,0
335,Врач9,0
335,Врач10,0
335,Врач11,0
335,Врач12,0
335,Врач13,0
335,Врач14,0
335,Врач15,1
336,Врач1,0
336,Врач2,0
336,Врач3,0
336,Врач4,0
336,Врач5,0
336,Врач6,0
336,Врач7,0
336,Врач8,0
336,Врач9,0
336,Врач10,0
336,Врач11,0
336,Врач12,0
336,Врач13,0
336,Врач14,0
336,Врач15,0
337,Врач1,0
337,Врач2,0
337,Врач3,0
337,Врач4,0
337,Врач5,0
337,Врач6,0
337,Врач7,0
337,Врач8,0
337,Врач9,0
337,Врач10,0
337,Врач11,0
337,Врач12,0
337,Врач13,0
337,Врач14,0
337,Врач15,0
338,Врач1,0
338,Врач2,0
338,Врач3,0
338,Врач4,0
338,Врач5,0
338,Врач6,0
338,Врач7,0
338,Врач8,0
338,Врач9,0
338,Врач10,0
338,Врач11,0
338,Врач12,0
338,Врач13,0
338,Врач14,0
338,Врач15,0
339,Врач1,0
339,Врач2,0
339,Врач3,0
339,Врач4,1
339,Врач5,0
339,Врач6,0
339,Врач7,1
339,Врач8,0
339,Врач9,1
339,Врач10,1
339,Врач11,1
339,Врач12,1
339,Врач13,0
339,Врач14,0
339,Врач15,1
340,Врач1,1
340,Врач2,1
340,Врач3,0
340,Врач4,0
340,Врач5,1
340,Врач6,1
340,Врач7,1
340,Врач8,0
340,Врач9,1
340,Врач10,0
340,Врач11,0
340,Врач12,1
340,Врач13,0
340,Врач14,0
340,Врач15,1
341,Врач1,0
341,Врач2,0
341,Врач3,0
341,Врач4,0
341,Врач5,0
341,Врач6,0
341,Врач7,0
341,Врач8,0
341,Врач9,0
341,Врач10,0
341,Врач11,0
341,Врач12,0
341,Врач13,0
341,Врач14,0
341,Врач15,0
342,Врач1,1
342,Врач2,1
342,Врач3,0
342,Врач4,1
342,Врач5,0
342,Врач6,1
342,Врач7,0
342,Врач8,0
342,Врач9,0
342,Врач10,1
342,Врач11,0
342,Врач12,1
342,Врач13,0
342,Врач14,1
342,Врач15,1
343,Врач1,1
343,Врач2,0
343,Врач3,1
343,Врач4,0
343,Врач5,1
343,Врач6,1
343,Врач7,1
343,Врач8,0
343,Врач9,0
343,Врач10,0
343,Врач11,0
343,Врач12,1
343,Врач13,1
343,Врач14,1
343,Врач15,1
344,Врач1,0
344,Врач2,0
344,Врач3,0
344,Врач4,0
344,Врач5,0
344,Врач6,0
344,Врач7,0
344,Врач8,0
344,Врач9,0
344,Врач10,0
344,Врач11,0
344,Врач12,0
344,Врач13,0
344,Врач14,1
344,Врач15,0
345,Врач1,0
345,Врач2,1
345,Врач3,0
345,Врач4,0
345,Врач5,0
345,Врач6,1
345,Врач7,0
345,Врач8,0
345,Врач9,0
345,Врач10,0
345,Врач11,0
345,Врач12,0
345,Врач13,0
345,Врач14,0
345,Врач15,0
346,Врач1,0
346,Врач2,0
346,Врач3,0
346,Врач4,0
346,Врач5,0
346,Врач6,0
346,Врач7,0
346,Врач8,0
346,Врач9,0
346,Врач10,0
346,Врач11,0
346,Врач12,0
346,Врач13,0
346,Врач14,0
346,Врач15,0
347,Врач1,1
347,Врач2,1
347,Врач3,1
347,Врач4,1
347,Врач5,1
347,Врач6,0
347,Врач7,1
347,Врач8,0
347,Врач9,1
347,Врач10,1
347,Врач11,1
347,Врач12,1
347,Врач13,1
347,Врач14,0
347,Врач15,1
348,Врач1,0
348,Врач2,0
348,Врач3,0
348,Врач4,0
348,Врач5,0
348,Врач6,0
348,Врач7,0
348,Врач8,0
348,Врач9,0
348,Врач10,0
348,Врач11,0
348,Врач12,0
348,Врач13,0
348,Врач14,0
348,Врач15,0
349,Врач1,0
349,Врач2,0
349,Врач3,0
349,Врач4,0
349,Врач5,0
349,Врач6,1
349,Врач7,0
349,Врач8,0
349,Врач9,0
349,Врач10,0
349,Врач11,0
349,Врач12,0
349,Врач13,0
349,Врач14,0
349,Врач15,0
350,Врач1,0
350,Врач2,0
350,Врач3,0
350,Врач4,1
350,Врач5,0
350,Врач6,1
350,Врач7,1
350,Врач8,0
350,Врач9,1
350,Врач10,0
350,Врач11,0
350,Врач12,1
350,Врач13,0
350,Врач14,0
350,Врач15,1
351,Врач1,0
351,Врач2,0
351,Врач3,0
351,Врач4,0
351,Врач5,0
351,Врач6,0
351,Врач7,0
351,Врач8,0
351,Врач9,0
351,Врач10,0
351,Врач11,0
351,Врач12,0
351,Врач13,0
351,Врач14,0
351,Врач15,0
352,Врач1,1
352,Врач2,1
352,Врач3,0
352,Врач4,0
352,Врач5,0
352,Врач6,1
352,Врач7,0
352,Врач8,0
352,Врач9,0
352,Врач10,0
352,Врач11,0
352,Врач12,1
352,Врач13,0
352,Врач14,1
352,Врач15,0
353,Врач1,1
353,Врач2,1
353,Врач3,1
353,Врач4,1
353,Врач5,1
353,Врач6,1
353,Врач7,0
353,Врач8,0
353,Врач9,1
353,Врач10,1
353,Врач11,0
353,Врач12,1
353,Врач13,1
353,Врач14,1
353,Врач15,1
354,Врач1,0
354,Врач2,0
354,Врач3,0
354,Врач4,0
354,Врач5,0
354,Врач6,0
354,Врач7,0
354,Врач8,0
354,Врач9,0
354,Врач10,0
354,Врач11,0
354,Врач12,0
354,Врач13,0
354,Врач14,0
354,Врач15,0
355,Врач1,1
355,Врач2,0
355,Врач3,0
355,Врач4,1
355,Врач5,0
355,Врач6,1
355,Врач7,1
355,Врач8,0
355,Врач9,0
355,Врач10,1
355,Врач11,0
355,Врач12,1
355,Врач13,0
355,Врач14,0
355,Врач15,1
356,Врач1,0
356,Врач2,0
356,Врач3,0
356,Врач4,0
356,Врач5,0
356,Врач6,0
356,Врач7,0
356,Врач8,0
356,Врач9,0
356,Врач10,0
356,Врач11,0
356,Врач12,0
356,Врач13,0
356,Врач14,0
356,Врач15,0
357,Врач1,0
357,Врач2,1
357,Врач3,0
357,Врач4,0
357,Врач5,0
357,Врач6,0
357,Врач7,1
357,Врач8,0
357,Врач9,0
357,Врач10,1
357,Врач11,0
357,Врач12,0
357,Врач13,0
357,Врач14,0
357,Врач15,0
358,Врач1,0
358,Врач2,1
358,Врач3,0
358,Врач4,1
358,Врач5,0
358,Врач6,0
358,Врач7,0
358,Врач8,0
358,Врач9,0
358,Врач10,0
358,Врач11,0
358,Врач12,0
358,Врач13,0
358,Врач14,0
358,Врач15,0
359,Врач1,0
359,Врач2,0
359,Врач3,0
359,Врач4,0
359,Врач5,0
359,Врач6,0
359,Врач7,0
359,Врач8,0
359,Врач9,0
359,Врач10,0
359,Врач11,0
359,Врач12,0
359,Врач13,0
359,Врач14,0
359,Врач15,0
360,Врач1,1
360,Врач2,1
360,Врач3,1
360,Врач4,1
360,Врач5,1
360,Врач6,1
360,Врач7,1
360,Врач8,0
360,Врач9,1
360,Врач10,1
360,Врач11,0
360,Врач12,1
360,Врач13,0
360,Врач14,0
360,Врач15,1
361,Врач1,0
361,Врач2,0
361,Врач3,0
361,Врач4,0
361,Врач5,0
361,Врач6,0
361,Врач7,0
361,Врач8,0
361,Врач9,0
361,Врач10,0
361,Врач11,0
361,Врач12,0
361,Врач13,0
361,Врач14,0
361,Врач15,0
362,Врач1,0
362,Врач2,0
362,Врач3,0
362,Врач4,0
362,Врач5,0
362,Врач6,0
362,Врач7,0
362,Врач8,0
362,Врач9,0
362,Врач10,1
362,Врач11,0
362,Врач12,1
362,Врач13,0
362,Врач14,0
362,Врач15,0
363,Врач1,0
363,Врач2,0
363,Врач3,0
363,Врач4,0
363,Врач5,0
363,Врач6,0
363,Врач7,0
363,Врач8,0
363,Врач9,0
363,Врач10,0
363,Врач11,0
363,Врач12,0
363,Врач13,0
363,Врач14,0
363,Врач15,0
364,Врач1,0
364,Врач2,1
364,Врач3,0
364,Врач4,0
364,Врач5,0
364,Врач6,0
364,Врач7,0
364,Врач8,0
364,Врач9,0
364,Врач10,0
364,Врач11,0
364,Врач12,0
364,Врач13,0
364,Врач14,1
364,Врач15,0
365,Врач1,1
365,Врач2,1
365,Врач3,0
365,Врач4,0
365,Врач5,1
365,Врач6,1
365,Врач7,0
365,Врач8,0
365,Врач9,1
365,Врач10,1
365,Врач11,0
365,Врач12,0
365,Врач13,1
365,Врач14,0
365,Врач15,1
366,Врач1,0
366,Врач2,0
366,Врач3,0
366,Врач4,0
366,Врач5,1
366,Врач6,0
366,Врач7,0
366,Врач8,0
366,Врач9,0
366,Врач10,0
366,Врач11,0
366,Врач12,0
366,Врач13,0
366,Врач14,0
366,Врач15,0
367,Врач1,1
367,Врач2,0
367,Врач3,1
367,Врач4,0
367,Врач5,0
367,Врач6,0
367,Врач7,1
367,Врач8,1
367,Врач9,0
367,Врач10,0
367,Врач11,1
367,Врач12,1
367,Врач13,1
367,Врач14,0
367,Врач15,0
368,Врач1,0
368,Врач2,1
368,Врач3,0
368,Врач4,0
368,Врач5,0
368,Врач6,0
368,Врач7,0
368,Врач8,0
368,Врач9,0
368,Врач10,0
368,Врач11,0
368,Врач12,1
368,Врач13,0
368,Врач14,0
368,Врач15,0
369,Врач1,0
369,Врач2,0
369,Врач3,0
369,Врач4,0
369,Врач5,0
369,Врач6,0
369,Врач7,0
369,Врач8,0
369,Врач9,0
369,Врач10,0
369,Врач11,0
369,Врач12,0
369,Врач13,0
369,Врач14,0
369,Врач15,0
370,Врач1,0
370,Врач2,0
370,Врач3,0
370,Врач4,0
370,Врач5,0
370,Врач6,0
370,Врач7,0
370,Врач8,0
370,Врач9,0
370,Врач10,0
370,Врач11,0
370,Врач12,0
370,Врач13,0
370,Врач14,0
370,Врач15,0
371,Врач1,0
371,Врач2,1
371,Врач3,0
371,Врач4,0
371,Врач5,0
371,Врач6,0
371,Врач7,0
371,Врач8,0
371,Врач9,0
371,Врач10,0
371,Врач11,0
371,Врач12,0
371,Врач13,0
371,Врач14,0
371,Врач15,0
372,Врач1,1
372,Врач2,1
372,Врач3,0
372,Врач4,0
372,Врач5,0
372,Врач6,1
372,Врач7,0
372,Врач8,0
372,Врач9,0
372,Врач10,1
372,Врач11,1
372,Врач12,1
372,Врач13,0
372,Врач14,1
372,Врач15,1
373,Врач1,0
373,Врач2,0
373,Врач3,0
373,Врач4,0
373,Врач5,0
373,Врач6,0
373,Врач7,0
373,Врач8,0
373,Врач9,0
373,Врач10,0
373,Врач11,0
373,Врач12,0
373,Врач13,0
373,Врач14,0
373,Врач15,0
374,Врач1,0
374,Врач2,0
374,Врач3,0
374,Врач4,0
374,Врач5,1
374,Врач6,0
374,Врач7,0
374,Врач8,0
374,Врач9,0
374,Врач10,0
374,Врач11,0
374,Врач12,0
374,Врач13,0
374,Врач14,0
374,Врач15,0
375,Врач1,1
375,Врач2,1
375,Врач3,0
375,Врач4,1
375,Врач5,1
375,Врач6,1
375,Врач7,0
375,Врач8,0
375,Врач9,0
375,Врач10,1
375,Врач11,0
375,Врач12,1
375,Врач13,0
375,Врач14,0
375,Врач15,1
376,Врач1,0
376,Врач2,0
376,Врач3,0
376,Врач4,0
376,Врач5,0
376,Врач6,0
376,Врач7,1
376,Врач8,0
376,Врач9,0
376,Врач10,0
376,Врач11,0
376,Врач12,0
376,Врач13,0
376,Врач14,0
376,Врач15,0
377,Врач1,0
377,Врач2,1
377,Врач3,0
377,Врач4,0
377,Врач5,0
377,Врач6,0
377,Врач7,0
377,Врач8,0
377,Врач9,0
377,Врач10,0
377,Врач11,0
377,Врач12,1
377,Врач13,0
377,Врач14,0
377,Врач15,1
378,Врач1,0
378,Врач2,0
378,Врач3,0
378,Врач4,0
378,Врач5,0
378,Врач6,0
378,Врач7,0
378,Врач8,0
378,Врач9,0
378,Врач10,0
378,Врач11,0
378,Врач12,0
378,Врач13,0
378,Врач14,0
378,Врач15,0
379,Врач1,0
379,Врач2,1
379,Врач3,0
379,Врач4,0
379,Врач5,0
379,Врач6,0
379,Врач7,0
379,Врач8,0
379,Врач9,0
379,Врач10,0
379,Врач11,0
379,Врач12,0
379,Врач13,0
379,Врач14,0
379,Врач15,0
380,Врач1,0
380,Врач2,0
380,Врач3,0
380,Врач4,0
380,Врач5,0
380,Врач6,0
380,Врач7,0
380,Врач8,0
380,Врач9,0
380,Врач10,0
380,Врач11,0
380,Врач12,0
380,Врач13,0
380,Врач14,0
380,Врач15,0
381,Врач1,0
381,Врач2,0
381,Врач3,0
381,Врач4,0
381,Врач5,0
381,Врач6,0
381,Врач7,0
381,Врач8,0
381,Врач9,0
381,Врач10,0
381,Врач11,0
381,Врач12,0
381,Врач13,0
381,Врач14,0
381,Врач15,1
382,Врач1,0
382,Врач2,0
382,Врач3,0
382,Врач4,0
382,Врач5,0
382,Врач6,0
382,Врач7,0
382,Врач8,0
382,Врач9,0
382,Врач10,0
382,Врач11,0
382,Врач12,0
382,Врач13,0
382,Врач14,0
382,Врач15,0
383,Врач1,0
383,Врач2,1
383,Врач3,0
383,Врач4,0
383,Врач5,0
383,Врач6,0
383,Врач7,0
383,Врач8,0
383,Врач9,0
383,Врач10,0
383,Врач11,0
383,Врач12,0
383,Врач13,0
383,Врач14,1
383,Врач15,0
384,Врач1,1
384,Врач2,1
384,Врач3,1
384,Врач4,0
384,Врач5,0
384,Врач6,1
384,Врач7,1
384,Врач8,0
384,Врач9,1
384,Врач10,1
384,Врач11,0
384,Врач12,1
384,Врач13,1
384,Врач14,1
384,Врач15,1
385,Врач1,0
385,Врач2,1
385,Врач3,0
385,Врач4,0
385,Врач5,0
385,Врач6,0
385,Врач7,0
385,Врач8,0
385,Врач9,0
385,Врач10,1
385,Врач11,0
385,Врач12,1
385,Врач13,0
385,Врач14,0
385,Врач15,1
386,Врач1,0
386,Врач2,0
386,Врач3,0
386,Врач4,0
386,Врач5,0
386,Врач6,0
386,Врач7,0
386,Врач8,0
386,Врач9,0
386,Врач10,0
386,Врач11,0
386,Врач12,0
386,Врач13,0
386,Врач14,0
386,Врач15,0
387,Врач1,0
387,Врач2,0
387,Врач3,0
387,Врач4,0
387,Врач5,0
387,Врач6,0
387,Врач7,0
387,Врач8,0
387,Врач9,0
387,Врач10,0
387,Врач11,0
387,Врач12,0
387,Врач13,0
387,Врач14,0
387,Врач15,0
388,Врач1,0
388,Врач2,1
388,Врач3,0
388,Врач4,1
388,Врач5,0
388,Врач6,1
388,Врач7,1
388,Врач8,0
388,Врач9,1
388,Врач10,1
388,Врач11,0
388,Врач12,1
388,Врач13,0
388,Врач14,0
388,Врач15,1
389,Врач1,0
389,Врач2,0
389,Врач3,1
389,Врач4,1
389,Врач5,0
389,Врач6,0
389,Врач7,1
389,Врач8,1
389,Врач9,0
389,Врач10,0
389,Врач11,1
389,Врач12,0
389,Врач13,0
389,Врач14,0
389,Врач15,0
390,Врач1,0
390,Врач2,0
390,Врач3,0
390,Врач4,0
390,Врач5,0
390,Врач6,0
390,Врач7,0
390,Врач8,0
390,Врач9,0
390,Врач10,0
390,Врач11,0
390,Врач12,0
390,Врач13,0
390,Врач14,0
390,Врач15,0
391,Врач1,0
391,Врач2,0
391,Врач3,1
391,Врач4,0
391,Врач5,0
391,Врач6,1
391,Врач7,0
391,Врач8,0
391,Врач9,1
391,Врач10,1
391,Врач11,0
391,Врач12,1
391,Врач13,0
391,Врач14,0
391,Врач15,1
392,Врач1,0
392,Врач2,1
392,Врач3,0
392,Врач4,0
392,Врач5,0
392,Врач6,0
392,Врач7,0
392,Врач8,0
392,Врач9,0
392,Врач10,0
392,Врач11,0
392,Врач12,0
392,Врач13,0
392,Врач14,0
392,Врач15,0
393,Врач1,0
393,Врач2,0
393,Врач3,0
393,Врач4,0
393,Врач5,0
393,Врач6,0
393,Врач7,0
393,Врач8,0
393,Врач9,0
393,Врач10,0
393,Врач11,0
393,Врач12,0
393,Врач13,0
393,Врач14,0
393,Врач15,0
394,Врач1,0
394,Врач2,0
394,Врач3,0
394,Врач4,0
394,Врач5,0
394,Врач6,0
394,Врач7,0
394,Врач8,0
394,Врач9,0
394,Врач10,0
394,Врач11,0
394,Врач12,0
394,Врач13,0
394,Врач14,0
394,Врач15,0
395,Врач1,1
395,Врач2,1
395,Врач3,1
395,Врач4,0
395,Врач5,1
395,Врач6,1
395,Врач7,1
395,Врач8,0
395,Врач9,1
395,Врач10,1
395,Врач11,1
395,Врач12,1
395,Врач13,1
395,Врач14,1
395,Врач15,1
396,Врач1,0
396,Врач2,0
396,Врач3,0
396,Врач4,0
396,Врач5,0
396,Врач6,0
396,Врач7,0
396,Врач8,0
396,Врач9,0
396,Врач10,0
396,Врач11,0
396,Врач12,0
396,Врач13,0
396,Врач14,1
396,Врач15,0
397,Врач1,0
397,Врач2,1
397,Врач3,0
397,Врач4,1
397,Врач5,0
397,Врач6,0
397,Врач7,0
397,Врач8,0
397,Врач9,0
397,Врач10,1
397,Врач11,0
397,Врач12,1
397,Врач13,0
397,Врач14,0
397,Врач15,1
398,Врач1,0
398,Врач2,0
398,Врач3,0
398,Врач4,0
398,Врач5,0
398,Врач6,0
398,Врач7,0
398,Врач8,0
398,Врач9,0
398,Врач10,0
398,Врач11,0
398,Врач12,0
398,Врач13,0
398,Врач14,0
398,Врач15,0
399,Врач1,1
399,Врач2,1
399,Врач3,0
399,Врач4,1
399,Врач5,0
399,Врач6,1
399,Врач7,0
399,Врач8,0
399,Врач9,1
399,Врач10,1
399,Врач11,1
399,Врач12,1
399,Врач13,1
399,Врач14,1
399,Врач15,1
400,Врач1,0
400,Врач2,1
400,Врач3,0
400,Врач4,1
400,Врач5,0
400,Врач6,0
400,Врач7,0
400,Врач8,0
400,Врач9,0
400,Врач10,0
400,Врач11,0
400,Врач12,1
400,Врач13,0
400,Врач14,0
400,Врач15,1
401,Врач1,0
401,Врач2,1
401,Врач3,0
401,Врач4,0
401,Врач5,0
401,Врач6,0
401,Врач7,0
401,Врач8,0
401,Врач9,0
401,Врач10,0
401,Врач11,0
401,Врач12,0
401,Врач13,0
401,Врач14,0
401,Врач15,0
402,Врач1,0
402,Врач2,0
402,Врач3,0
402,Врач4,0
402,Врач5,0
402,Врач6,0
402,Врач7,0
402,Врач8,0
402,Врач9,0
402,Врач10,0
402,Врач11,0
402,Врач12,0
402,Врач13,0
402,Врач14,0
402,Врач15,0
403,Врач1,0
403,Врач2,0
403,Врач3,0
403,Врач4,0
403,Врач5,0
403,Врач6,0
403,Врач7,0
403,Врач8,0
403,Врач9,0
403,Врач10,0
403,Врач11,0
403,Врач12,0
403,Врач13,0
403,Врач14,0
403,Врач15,0
404,Врач1,0
404,Врач2,0
404,Врач3,0
404,Врач4,0
404,Врач5,0
404,Врач6,0
404,Врач7,0
404,Врач8,0
404,Врач9,0
404,Врач10,0
404,Врач11,0
404,Врач12,0
404,Врач13,0
404,Врач14,0
404,Врач15,0
405,Врач1,0
405,Врач2,1
405,Врач3,0
405,Врач4,0
405,Врач5,0
405,Врач6,0
405,Врач7,0
405,Врач8,0
405,Врач9,0
405,Врач10,0
405,Врач11,0
405,Врач12,0
405,Врач13,0
405,Врач14,0
405,Врач15,1
406,Врач1,0
406,Врач2,0
406,Врач3,0
406,Врач4,0
406,Врач5,0
406,Врач6,0
406,Врач7,0
406,Врач8,0
406,Врач9,0
406,Врач10,0
406,Врач11,0
406,Врач12,0
406,Врач13,0
406,Врач14,0
406,Врач15,0
407,Врач1,0
407,Врач2,1
407,Врач3,0
407,Врач4,0
407,Врач5,0
407,Врач6,0
407,Врач7,0
407,Врач8,0
407,Врач9,0
407,Врач10,0
407,Врач11,0
407,Врач12,0
407,Врач13,0
407,Врач14,0
407,Врач15,0
408,Врач1,0
408,Врач2,0
408,Врач3,0
408,Врач4,0
408,Врач5,0
408,Врач6,0
408,Врач7,0
408,Врач8,0
408,Врач9,0
408,Врач10,0
408,Врач11,0
408,Врач12,0
408,Врач13,0
408,Врач14,0
408,Врач15,0
409,Врач1,0
409,Врач2,0
409,Врач3,0
409,Врач4,0
409,Врач5,0
409,Врач6,0
409,Врач7,0
409,Врач8,0
409,Врач9,0
409,Врач10,0
409,Врач11,0
409,Врач12,0
409,Врач13,0
409,Врач14,0
409,Врач15,0
410,Врач1,0
410,Врач2,0
410,Врач3,0
410,Врач4,0
410,Врач5,0
410,Врач6,0
410,Врач7,0
410,Врач8,0
410,Врач9,0
410,Врач10,0
410,Врач11,0
410,Врач12,0
410,Врач13,0
410,Врач14,0
410,Врач15,0
411,Врач1,0
411,Врач2,1
411,Врач3,0
411,Врач4,0
411,Врач5,0
411,Врач6,0
411,Врач7,0
411,Врач8,0
411,Врач9,0
411,Врач10,0
411,Врач11,0
411,Врач12,0
411,Врач13,0
411,Врач14,0
411,Врач15,0
412,Врач1,0
412,Врач2,0
412,Врач3,0
412,Врач4,0
412,Врач5,0
412,Врач6,0
412,Врач7,0
412,Врач8,0
412,Врач9,0
412,Врач10,0
412,Врач11,0
412,Врач12,0
412,Врач13,0
412,Врач14,0
412,Врач15,0
413,Врач1,0
413,Врач2,0
413,Врач3,0
413,Врач4,0
413,Врач5,0
413,Врач6,0
413,Врач7,0
413,Врач8,0
413,Врач9,0
413,Врач10,0
413,Врач11,0
413,Врач12,0
413,Врач13,0
413,Врач14,0
413,Врач15,1
414,Врач1,0
414,Врач2,0
414,Врач3,0
414,Врач4,0
414,Врач5,0
414,Врач6,1
414,Врач7,0
414,Врач8,0
414,Врач9,0
414,Врач10,0
414,Врач11,0
414,Врач12,0
414,Врач13,0
414,Врач14,0
414,Врач15,0
415,Врач1,0
415,Врач2,0
415,Врач3,0
415,Врач4,0
415,Врач5,0
415,Врач6,0
415,Врач7,0
415,Врач8,0
415,Врач9,0
415,Врач10,0
415,Врач11,0
415,Врач12,0
415,Врач13,0
415,Врач14,0
415,Врач15,0
416,Врач1,0
416,Врач2,0
416,Врач3,0
416,Врач4,0
416,Врач5,0
416,Врач6,0
416,Врач7,0
416,Врач8,0
416,Врач9,0
416,Врач10,0
416,Врач11,0
416,Врач12,0
416,Врач13,0
416,Врач14,0
416,Врач15,1
417,Врач1,0
417,Врач2,1
417,Врач3,0
417,Врач4,0
417,Врач5,0
417,Врач6,0
417,Врач7,0
417,Врач8,1
417,Врач9,0
417,Врач10,0
417,Врач11,0
417,Врач12,0
417,Врач13,0
417,Врач14,0
417,Врач15,0
418,Врач1,0
418,Врач2,0
418,Врач3,0
418,Врач4,0
418,Врач5,0
418,Врач6,0
418,Врач7,0
418,Врач8,0
418,Врач9,0
418,Врач10,0
418,Врач11,0
418,Врач12,0
418,Врач13,0
418,Врач14,0
418,Врач15,0
419,Врач1,0
419,Врач2,0
419,Врач3,0
419,Врач4,0
419,Врач5,0
419,Врач6,0
419,Врач7,0
419,Врач8,0
419,Врач9,0
419,Врач10,0
419,Врач11,0
419,Врач12,0
419,Врач13,0
419,Врач14,0
419,Врач15,0
420,Врач1,0
420,Врач2,0
420,Врач3,0
420,Врач4,0
420,Врач5,0
420,Врач6,0
420,Врач7,0
420,Врач8,1
420,Врач9,0
420,Врач10,0
420,Врач11,0
420,Врач12,0
420,Врач13,0
420,Врач14,0
420,Врач15,0
421,Врач1,0
421,Врач2,0
421,Врач3,0
421,Врач4,0
421,Врач5,0
421,Врач6,0
421,Врач7,0
421,Врач8,0
421,Врач9,0
421,Врач10,0
421,Врач11,0
421,Врач12,0
421,Врач13,0
421,Врач14,0
421,Врач15,0
422,Врач1,0
422,Врач2,0
422,Врач3,0
422,Врач4,0
422,Врач5,0
422,Врач6,0
422,Врач7,0
422,Врач8,0
422,Врач9,1
422,Врач10,0
422,Врач11,0
422,Врач12,0
422,Врач13,0
422,Врач14,0
422,Врач15,1
423,Врач1,0
423,Врач2,0
423,Врач3,0
423,Врач4,0
423,Врач5,0
423,Врач6,0
423,Врач7,0
423,Врач8,0
423,Врач9,0
423,Врач10,0
423,Врач11,0
423,Врач12,0
423,Врач13,0
423,Врач14,0
423,Врач15,0
424,Врач1,0
424,Врач2,0
424,Врач3,0
424,Врач4,0
424,Врач5,0
424,Врач6,1
424,Врач7,0
424,Врач8,0
424,Врач9,0
424,Врач10,0
424,Врач11,0
424,Врач12,0
424,Врач13,0
424,Врач14,0
424,Врач15,0
425,Врач1,0
425,Врач2,0
425,Врач3,0
425,Врач4,0
425,Врач5,0
425,Врач6,1
425,Врач7,0
425,Врач8,0
425,Врач9,0
425,Врач10,0
425,Врач11,0
425,Врач12,0
425,Врач13,0
425,Врач14,0
425,Врач15,0
426,Врач1,0
426,Врач2,1
426,Врач3,0
426,Врач4,0
426,Врач5,0
426,Врач6,1
426,Врач7,0
426,Врач8,0
426,Врач9,0
426,Врач10,0
426,Врач11,1
426,Врач12,1
426,Врач13,0
426,Врач14,0
426,Врач15,1
427,Врач1,0
427,Врач2,0
427,Врач3,0
427,Врач4,0
427,Врач5,0
427,Врач6,0
427,Врач7,0
427,Врач8,0
427,Врач9,0
427,Врач10,0
427,Врач11,0
427,Врач12,0
427,Врач13,0
427,Врач14,0
427,Врач15,0
428,Врач1,1
428,Врач2,1
428,Врач3,0
428,Врач4,1
428,Врач5,0
428,Врач6,1
428,Врач7,0
428,Врач8,0
428,Врач9,0
428,Врач10,1
428,Врач11,0
428,Врач12,0
428,Врач13,0
428,Врач14,0
428,Врач15,1
429,Врач1,0
429,Врач2,0
429,Врач3,0
429,Врач4,0
429,Врач5,0
429,Врач6,0
429,Врач7,0
429,Врач8,0
429,Врач9,0
429,Врач10,0
429,Врач11,0
429,Врач12,0
429,Врач13,0
429,Врач14,0
429,Врач15,0
430,Врач1,0
430,Врач2,0
430,Врач3,0
430,Врач4,0
430,Врач5,0
430,Врач6,0
430,Врач7,0
430,Врач8,0
430,Врач9,0
430,Врач10,0
430,Врач11,0
430,Врач12,0
430,Врач13,0
430,Врач14,0
430,Врач15,0
431,Врач1,0
431,Врач2,0
431,Врач3,0
431,Врач4,0
431,Врач5,0
431,Врач6,0
431,Врач7,0
431,Врач8,0
431,Врач9,0
431,Врач10,0
431,Врач11,0
431,Врач12,0
431,Врач13,0
431,Врач14,0
431,Врач15,0
432,Врач1,0
432,Врач2,0
432,Врач3,0
432,Врач4,0
432,Врач5,0
432,Врач6,0
432,Врач7,0
432,Врач8,0
432,Врач9,0
432,Врач10,0
432,Врач11,0
432,Врач12,0
432,Врач13,0
432,Врач14,0
432,Врач15,1
433,Врач1,0
433,Врач2,0
433,Врач3,0
433,Врач4,0
433,Врач5,0
433,Врач6,0
433,Врач7,0
433,Врач8,0
433,Врач9,0
433,Врач10,0
433,Врач11,0
433,Врач12,0
433,Врач13,0
433,Врач14,0
433,Врач15,1
434,Врач1,1
434,Врач2,1
434,Врач3,1
434,Врач4,1
434,Врач5,1
434,Врач6,1
434,Врач7,1
434,Врач8,1
434,Врач9,1
434,Врач10,1
434,Врач11,1
434,Врач12,1
434,Врач13,1
434,Врач14,1
434,Врач15,1
435,Врач1,0
435,Врач2,0
435,Врач3,0
435,Врач4,0
435,Врач5,0
435,Врач6,0
435,Врач7,0
435,Врач8,0
435,Врач9,0
435,Врач10,0
435,Врач11,0
435,Врач12,0
435,Врач13,0
435,Врач14,0
435,Врач15,0
436,Врач1,0
436,Врач2,0
436,Врач3,0
436,Врач4,1
436,Врач5,0
436,Врач6,1
436,Врач7,0
436,Врач8,1
436,Врач9,0
436,Врач10,0
436,Врач11,0
436,Врач12,1
436,Врач13,0
436,Врач14,0
436,Врач15,1
437,Врач1,0
437,Врач2,0
437,Врач3,0
437,Врач4,0
437,Врач5,0
437,Врач6,0
437,Врач7,0
437,Врач8,0
437,Врач9,0
437,Врач10,0
437,Врач11,0
437,Врач12,0
437,Врач13,0
437,Врач14,0
437,Врач15,0
438,Врач1,0
438,Врач2,0
438,Врач3,0
438,Врач4,0
438,Врач5,0
438,Врач6,0
438,Врач7,0
438,Врач8,0
438,Врач9,0
438,Врач10,0
438,Врач11,0
438,Врач12,0
438,Врач13,0
438,Врач14,0
438,Врач15,0
439,Врач1,0
439,Врач2,0
439,Врач3,0
439,Врач4,0
439,Врач5,0
439,Врач6,1
439,Врач7,0
439,Врач8,0
439,Врач9,0
439,Врач10,0
439,Врач11,0
439,Врач12,0
439,Врач13,0
439,Врач14,0
439,Врач15,0
440,Врач1,0
440,Врач2,0
440,Врач3,0
440,Врач4,0
440,Врач5,0
440,Врач6,0
440,Врач7,0
440,Врач8,0
440,Врач9,0
440,Врач10,0
440,Врач11,0
440,Врач12,0
440,Врач13,0
440,Врач14,0
440,Врач15,0
441,Врач1,0
441,Врач2,0
441,Врач3,0
441,Врач4,0
441,Врач5,0
441,Врач6,1
441,Врач7,0
441,Врач8,0
441,Врач9,0
441,Врач10,1
441,Врач11,0
441,Врач12,0
441,Врач13,0
441,Врач14,0
441,Врач15,1
442,Врач1,0
442,Врач2,0
442,Врач3,0
442,Врач4,0
442,Врач5,0
442,Врач6,0
442,Врач7,0
442,Врач8,0
442,Врач9,0
442,Врач10,0
442,Врач11,0
442,Врач12,0
442,Врач13,0
442,Врач14,0
442,Врач15,0
443,Врач1,0
443,Врач2,1
443,Врач3,0
443,Врач4,0
443,Врач5,0
443,Врач6,0
443,Врач7,0
443,Врач8,0
443,Врач9,0
443,Врач10,0
443,Врач11,0
443,Врач12,0
443,Врач13,0
443,Врач14,0
443,Врач15,0
444,Врач1,0
444,Врач2,0
444,Врач3,0
444,Врач4,0
444,Врач5,0
444,Врач6,0
444,Врач7,0
444,Врач8,0
444,Врач9,0
444,Врач10,0
444,Врач11,0
444,Врач12,0
444,Врач13,0
444,Врач14,0
444,Врач15,0
445,Врач1,0
445,Врач2,0
445,Врач3,0
445,Врач4,1
445,Врач5,0
445,Врач6,0
445,Врач7,0
445,Врач8,0
445,Врач9,0
445,Врач10,1
445,Врач11,0
445,Врач12,1
445,Врач13,0
445,Врач14,0
445,Врач15,0
446,Врач1,0
446,Врач2,0
446,Врач3,0
446,Врач4,0
446,Врач5,0
446,Врач6,0
446,Врач7,0
446,Врач8,0
446,Врач9,0
446,Врач10,0
446,Врач11,0
446,Врач12,0
446,Врач13,0
446,Врач14,0
446,Врач15,0
447,Врач1,0
447,Врач2,0
447,Врач3,0
447,Врач4,0
447,Врач5,0
447,Врач6,0
447,Врач7,1
447,Врач8,0
447,Врач9,0
447,Врач10,0
447,Врач11,1
447,Врач12,0
447,Врач13,0
447,Врач14,0
447,Врач15,0
448,Врач1,0
448,Врач2,0
448,Врач3,0
448,Врач4,0
448,Врач5,0
448,Врач6,0
448,Врач7,0
448,Врач8,0
448,Врач9,0
448,Врач10,0
448,Врач11,0
448,Врач12,1
448,Врач13,0
448,Врач14,0
448,Врач15,0
449,Врач1,0
449,Врач2,0
449,Врач3,0
449,Врач4,1
449,Врач5,0
449,Врач6,1
449,Врач7,0
449,Врач8,0
449,Врач9,1
449,Врач10,0
449,Врач11,0
449,Врач12,1
449,Врач13,0
449,Врач14,0
449,Врач15,0
450,Врач1,0
450,Врач2,0
450,Врач3,0
450,Врач4,0
450,Врач5,0
450,Врач6,0
450,Врач7,0
450,Врач8,0
450,Врач9,0
450,Врач10,0
450,Врач11,0
450,Врач12,0
450,Врач13,0
450,Врач14,0
450,Врач15,0
451,Врач1,1
451,Врач2,0
451,Врач3,0
451,Врач4,0
451,Врач5,0
451,Врач6,0
451,Врач7,0
451,Врач8,0
451,Врач9,0
451,Врач10,0
451,Врач11,0
451,Врач12,0
451,Врач13,0
451,Врач14,0
451,Врач15,1
452,Врач1,0
452,Врач2,1
452,Врач3,0
452,Врач4,0
452,Врач5,0
452,Врач6,0
452,Врач7,0
452,Врач8,0
452,Врач9,0
452,Врач10,0
452,Врач11,0
452,Врач12,0
452,Врач13,0
452,Врач14,0
452,Врач15,1
453,Врач1,0
453,Врач2,0
453,Врач3,0
453,Врач4,0
453,Врач5,0
453,Врач6,0
453,Врач7,0
453,Врач8,0
453,Врач9,0
453,Врач10,0
453,Врач11,0
453,Врач12,0
453,Врач13,0
453,Врач14,0
453,Врач15,0
454,Врач1,0
454,Врач2,0
454,Врач3,0
454,Врач4,0
454,Врач5,0
454,Врач6,0
454,Врач7,0
454,Врач8,0
454,Врач9,0
454,Врач10,0
454,Врач11,0
454,Врач12,0
454,Врач13,0
454,Врач14,0
454,Врач15,0
455,Врач1,0
455,Врач2,0
455,Врач3,0
455,Врач4,0
455,Врач5,0
455,Врач6,1
455,Врач7,0
455,Врач8,0
455,Врач9,0
455,Врач10,0
455,Врач11,0
455,Врач12,0
455,Врач13,0
455,Врач14,0
455,Врач15,0
456,Врач1,0
456,Врач2,1
456,Врач3,0
456,Врач4,0
456,Врач5,0
456,Врач6,0
456,Врач7,0
456,Врач8,1
456,Врач9,0
456,Врач10,0
456,Врач11,0
456,Врач12,0
456,Врач13,0
456,Врач14,0
456,Врач15,0
457,Врач1,0
457,Врач2,1
457,Врач3,0
457,Врач4,0
457,Врач5,0
457,Врач6,1
457,Врач7,0
457,Врач8,0
457,Врач9,0
457,Врач10,0
457,Врач11,0
457,Врач12,0
457,Врач13,0
457,Врач14,0
457,Врач15,0
458,Врач1,0
458,Врач2,1
458,Врач3,0
458,Врач4,0
458,Врач5,0
458,Врач6,0
458,Врач7,0
458,Врач8,0
458,Врач9,0
458,Врач10,0
458,Врач11,0
458,Врач12,0
458,Врач13,0
458,Врач14,0
458,Врач15,1
459,Врач1,0
459,Врач2,0
459,Врач3,0
459,Врач4,0
459,Врач5,0
459,Врач6,0
459,Врач7,0
459,Врач8,0
459,Врач9,0
459,Врач10,0
459,Врач11,0
459,Врач12,0
459,Врач13,0
459,Врач14,0
459,Врач15,0
460,Врач1,0
460,Врач2,0
460,Врач3,0
460,Врач4,0
460,Врач5,0
460,Врач6,0
460,Врач7,0
460,Врач8,0
460,Врач9,0
460,Врач10,0
460,Врач11,0
460,Врач12,0
460,Врач13,0
460,Врач14,0
460,Врач15,0
461,Врач1,0
461,Врач2,0
461,Врач3,0
461,Врач4,0
461,Врач5,0
461,Врач6,0
461,Врач7,0
461,Врач8,0
461,Врач9,0
461,Врач10,0
461,Врач11,0
461,Врач12,0
461,Врач13,0
461,Врач14,0
461,Врач15,0
462,Врач1,0
462,Врач2,0
462,Врач3,0
462,Врач4,0
462,Врач5,0
462,Врач6,0
462,Врач7,0
462,Врач8,0
462,Врач9,0
462,Врач10,0
462,Врач11,0
462,Врач12,0
462,Врач13,0
462,Врач14,0
462,Врач15,0
463,Врач1,0
463,Врач2,0
463,Врач3,0
463,Врач4,1
463,Врач5,0
463,Врач6,0
463,Врач7,0
463,Врач8,0
463,Врач9,0
463,Врач10,0
463,Врач11,0
463,Врач12,0
463,Врач13,0
463,Врач14,0
463,Врач15,1
464,Врач1,0
464,Врач2,0
464,Врач3,0
464,Врач4,0
464,Врач5,0
464,Врач6,0
464,Врач7,0
464,Врач8,0
464,Врач9,0
464,Врач10,0
464,Врач11,0
464,Врач12,0
464,Врач13,0
464,Врач14,0
464,Врач15,0
465,Врач1,0
465,Врач2,0
465,Врач3,0
465,Врач4,1
465,Врач5,0
465,Врач6,1
465,Врач7,0
465,Врач8,0
465,Врач9,0
465,Врач10,1
465,Врач11,0
465,Врач12,1
465,Врач13,0
465,Врач14,0
465,Врач15,1
466,Врач1,0
466,Врач2,0
466,Врач3,0
466,Врач4,0
466,Врач5,0
466,Врач6,0
466,Врач7,0
466,Врач8,0
466,Врач9,0
466,Врач10,0
466,Врач11,0
466,Врач12,0
466,Врач13,0
466,Врач14,0
466,Врач15,0
467,Врач1,0
467,Врач2,0
467,Врач3,0
467,Врач4,1
467,Врач5,0
467,Врач6,0
467,Врач7,0
467,Врач8,1
467,Врач9,0
467,Врач10,0
467,Врач11,0
467,Врач12,0
467,Врач13,0
467,Врач14,0
467,Врач15,0
468,Врач1,0
468,Врач2,0
468,Врач3,0
468,Врач4,0
468,Врач5,0
468,Врач6,0
468,Врач7,0
468,Врач8,0
468,Врач9,0
468,Врач10,0
468,Врач11,0
468,Врач12,0
468,Врач13,0
468,Врач14,0
468,Врач15,0
469,Врач1,0
469,Врач2,0
469,Врач3,0
469,Врач4,0
469,Врач5,0
469,Врач6,0
469,Врач7,0
469,Врач8,0
469,Врач9,0
469,Врач10,0
469,Врач11,0
469,Врач12,0
469,Врач13,0
469,Врач14,0
469,Врач15,0
470,Врач1,0
470,Врач2,0
470,Врач3,0
470,Врач4,0
470,Врач5,0
470,Врач6,0
470,Врач7,0
470,Врач8,1
470,Врач9,0
470,Врач10,0
470,Врач11,0
470,Врач12,0
470,Врач13,0
470,Врач14,0
470,Врач15,0
471,Врач1,0
471,Врач2,0
471,Врач3,0
471,Врач4,0
471,Врач5,0
471,Врач6,0
471,Врач7,0
471,Врач8,0
471,Врач9,0
471,Врач10,0
471,Врач11,0
471,Врач12,0
471,Врач13,0
471,Врач14,0
471,Врач15,0
472,Врач1,0
472,Врач2,0
472,Врач3,0
472,Врач4,0
472,Врач5,0
472,Врач6,0
472,Врач7,0
472,Врач8,0
472,Врач9,0
472,Врач10,0
472,Врач11,0
472,Врач12,0
472,Врач13,0
472,Врач14,0
472,Врач15,0
473,Врач1,0
473,Врач2,0
473,Врач3,0
473,Врач4,0
473,Врач5,0
473,Врач6,0
473,Врач7,0
473,Врач8,0
473,Врач9,0
473,Врач10,0
473,Врач11,0
473,Врач12,0
473,Врач13,0
473,Врач14,0
473,Врач15,0
474,Врач1,0
474,Врач2,1
474,Врач3,0
474,Врач4,1
474,Врач5,0
474,Врач6,0
474,Врач7,0
474,Врач8,0
474,Врач9,0
474,Врач10,1
474,Врач11,0
474,Врач12,1
474,Врач13,0
474,Врач14,0
474,Врач15,0
475,Врач1,0
475,Врач2,0
475,Врач3,0
475,Врач4,0
475,Врач5,0
475,Врач6,0
475,Врач7,0
475,Врач8,0
475,Врач9,0
475,Врач10,0
475,Врач11,0
475,Врач12,0
475,Врач13,0
475,Врач14,0
475,Врач15,0
476,Врач1,0
476,Врач2,0
476,Врач3,0
476,Врач4,0
476,Врач5,0
476,Врач6,0
476,Врач7,0
476,Врач8,0
476,Врач9,0
476,Врач10,0
476,Врач11,0
476,Врач12,0
476,Врач13,0
476,Врач14,0
476,Врач15,0
477,Врач1,0
477,Врач2,0
477,Врач3,0
477,Врач4,1
477,Врач5,0
477,Врач6,0
477,Врач7,0
477,Врач8,0
477,Врач9,0
477,Врач10,0
477,Врач11,0
477,Врач12,0
477,Врач13,0
477,Врач14,0
477,Врач15,0
